122,574,2176,4400,2456,760,4799,9051,2576,7378,3119,2477,2985,550,8710,6656,2850,5757,4987,3353,2206,3297,1063,2678,8828,8270,3453,5851,1945,2028,7966,1278,3924,759,5128,7721,9441,4315,3975,2672,7382,5178,4020,4112,3766,3935,7387,6910,2208,6711,7532,1118,889,9602,1406,7012,8296,6706,688,4408,5555,9809,5895,6915,3160,7345,7489,8953,1519,9013,4571,5364,1509,5562,4418,6873,9313,2025,9990,9638,3179,6087,4150,557,9569,9147,6347,6669,8745,3455,9802,3147,7791,4884,4252,7754,9086,690,6619,8442,5535,1812,8457,2063,3359,60,3978,1300,2321,7526,2350,7459,1144,7398,2810,8966,8593,5587,4587,7092,603,7577,2988,
109,3545,6212,6379,1495,7952,2417,1836,2111,7513,4931,6244,9050,2058,9886,2774,5483,8721,2683,2788,1612,8579,1022,2185,6040,6141,3894,9344,2643,4681,6355,5050,7164,2271,2285,3134,4708,973,2541,5782,7743,849,8581,9256,4769,7472,5072,4394,2201,6740,7884,5881,497,6589,207,1922,4538,7761,6821,1903,7183,5179,3989,8358,8562,7436,8037,8637,88,5271,8841,646,5539,7292,7939,2050,1578,3038,4744,1884,8842,1663,8795,3746,3400,2882,5221,3218,1649,6034,1155,1933,1428,6744,8534,457,765,865,9536,3457,1313,4030,7330,8819,2146,4238,8554,3470,4810,2398,
126,7329,5961,1583,206,583,5840,6260,7319,9466,7579,1905,7223,7924,2345,9094,5239,6454,6993,2861,9493,3159,7395,8956,7816,2712,8940,8200,9429,775,11,8283,1225,7176,2739,400,3566,7204,1363,2268,1792,2245,4897,749,5159,4735,1767,3059,8677,6095,4158,7359,4528,1420,4977,1383,5349,6812,7684,406,0,4064,2746,2962,6652,6854,2579,4950,4967,9814,5366,6549,2053,8838,3268,1182,3410,7812,8603,3431,1390,3867,8091,8517,2975,9750,8312,1866,7471,5081,9680,4644,4012,5998,6503,3074,1814,2141,3306,2778,123,9823,1724,7925,8933,8510,6871,8684,3988,1408,9722,6015,6962,7219,2041,5657,919,5119,6091,7120,186,2665,1121,4338,6552,9937,4579,
122,5439,4370,923,3025,3834,8403,3884,6311,2253,4755,8529,9900,1829,7477,8489,7,8565,138,9022,3497,8487,5549,3384,6647,2173,2394,9018,2730,4226,6882,6465,9490,4068,408,791,3447,5802,8646,1040,7435,9030,3646,1723,772,1535,4173,8134,6554,3014,4751,7759,2825,6387,5043,2759,8712,5435,2603,728,9945,5436,4874,9178,4898,5747,2487,825,74,5289,1800,9584,1246,5404,2467,4165,3707,7279,197,8352,2399,2915,9755,7691,2667,6036,8576,2344,7217,9729,9408,2318,9242,7057,9254,5056,9549,890,7744,7951,9881,7257,3920,6707,9234,3844,5892,1367,4555,2844,7517,7119,5086,4089,7658,9714,4939,48,2624,8099,8784,7535,3212,
117,1523,4930,5497,7953,1441,2585,1775,6790,8383,1375,731,6496,7600,8696,8250,7569,493,7418,3891,1474,7039,260,4218,6611,8596,9576,172,432,7478,9575,9078,2466,4553,559,147,9488,6581,3216,6842,2037,2931,3759,1958,4894,9297,9024,841,5251,3600,9970,1007,4304,6710,9394,5551,9810,626,2936,2596,9728,1956,6932,7837,3776,2153,9525,850,8086,1298,3570,6781,8655,6329,2627,623,5390,4055,6351,3735,6662,1782,7643,6693,3696,226,5980,6685,8701,9540,3430,8876,4517,2520,2287,4368,1189,1430,2539,8533,810,797,7871,2965,4080,445,3717,177,8413,9940,8849,675,7231,704,3272,4471,9287,3420,
65,336,7780,4943,8552,7846,8174,6579,9888,2155,7360,3196,3871,3573,7481,4641,5474,2790,4934,4986,258,7713,5789,3618,9400,143,2725,4828,2468,7460,3309,6756,4440,133,4959,7444,5402,8935,8926,8019,5485,7768,8682,7802,5149,1494,7971,9876,2388,4156,1911,289,6654,4389,5891,8446,8783,148,7895,1067,7635,4737,5347,6791,7503,8916,
101,370,280,7543,9381,7784,5103,2013,134,2974,1291,6814,9,9869,366,3320,2402,7522,1013,4526,4460,2777,9526,2535,2019,2343,7366,879,7553,8400,267,244,7786,4195,256,8071,5552,3093,8445,3907,9207,6961,455,2527,2552,7929,6041,7935,6875,8657,8508,734,2785,2289,8065,5099,6911,2238,5590,9404,9645,4025,9850,4720,5953,7425,5589,6829,1679,4933,2168,2334,1289,7430,2351,5721,7648,1440,5383,9304,2893,8880,6267,3208,6014,1217,3122,2023,341,4936,1417,5750,7746,5571,832,2772,1852,3811,4730,3305,9164,1207,
152,8100,4326,6847,7954,2476,9239,2215,8425,3276,861,2277,9281,4705,7011,4175,108,921,1574,4358,4823,6742,1940,7368,1109,4170,3565,2996,8604,8349,8488,9620,6051,976,2982,2509,9725,3649,8747,3611,8769,5990,6557,6977,6657,829,1790,5766,6349,1458,5940,2080,1841,515,2349,2026,3499,7321,4767,5297,1989,6196,8689,951,6696,5511,2151,7818,8393,3627,4774,1194,8085,5635,9462,9695,1185,7497,4177,7344,6636,7442,7167,4680,2424,6396,7288,5520,7520,6780,396,140,1939,3293,9385,9952,7835,9021,7875,3493,3078,1334,8223,6,4377,1518,6203,5232,5984,6115,7022,5051,51,3973,1037,5809,9851,5385,6967,6606,9181,9742,7328,2134,7492,2189,6752,9336,7663,8859,9587,1730,3983,8763,9976,8606,5053,1765,7449,695,8443,5516,1056,6367,1598,205,2689,1840,2582,4093,644,2193,3728,
124,6896,6695,3203,7068,4200,1031,1461,7715,9218,702,6300,4220,5781,7732,1537,1355,1608,7708,2757,4970,585,2491,637,727,4704,2813,2099,7419,9897,2303,473,8258,9537,5451,7277,4805,9712,6039,812,9183,7054,6134,2694,8405,3940,9593,523,9812,9329,7037,9936,4802,7731,6585,6808,4955,3798,7364,4139,9734,7063,7144,7674,7833,3590,7870,6679,5229,3195,5171,822,4333,2820,9994,9188,3056,4678,110,4430,3120,5481,7062,2319,928,4578,9988,1838,4308,3697,4756,6658,7377,5036,7069,2276,687,2941,4718,8467,264,2505,6002,5724,4107,5080,9355,6970,7866,7196,3328,2935,7859,8654,4163,2382,8789,4606,8555,1859,4001,1169,1593,7678,4822,
114,4733,1455,2296,2911,4026,346,2919,3490,5607,8874,3355,9365,2707,5696,130,6494,6986,2000,816,2132,5772,3908,5078,4016,6841,6421,4186,4927,4953,5868,6464,1784,4474,5094,4261,6510,321,149,617,3768,4028,9668,6474,3080,2805,1793,9898,4809,4614,5547,5995,769,9893,5857,2152,8295,1923,465,7190,8231,478,6984,6560,4563,4626,3428,1041,1282,2129,8204,3269,1078,1833,5504,306,4324,8124,677,7361,5955,845,2171,6083,4569,6778,3278,4084,6178,3825,7094,6018,8820,121,8808,1252,3292,188,3177,2782,3518,8658,5656,801,1096,6111,4077,3862,7999,1946,9907,1348,9339,5015,2226,
99,2636,421,7766,8934,814,4362,6119,7830,7235,339,9115,4076,2532,9186,7462,293,7338,5736,1042,2231,4115,1027,3743,2071,1337,6891,328,4387,6900,7886,7542,316,1171,1287,8475,1508,9713,3684,4456,6043,371,642,9476,5307,1924,4983,7823,7487,8115,3628,9721,83,4747,1896,3156,7711,4211,411,5988,1748,9426,7316,6538,5952,789,9491,3151,3840,1488,23,1963,1202,9552,2781,823,8252,1110,2293,4903,5569,5931,9551,9874,7804,8025,2312,1280,6487,7349,9505,3780,1864,5795,6082,4560,4649,4834,3374,7137,
106,1247,78,5835,5826,8671,2836,1312,8324,9969,1738,2649,9550,9291,8121,8798,8331,4596,4687,7991,2688,7580,4677,3589,277,9025,858,266,8977,6458,3991,6877,899,3660,3178,7304,8123,2130,4215,2607,5712,6313,6929,3919,6948,7872,75,2305,187,9185,3352,4567,9171,9245,5948,8904,9608,5672,9142,5257,1771,9565,7192,1452,8154,3378,5262,1307,5355,8623,7072,2211,3448,1936,7484,8628,84,8245,5785,5351,5058,9294,1135,2325,9633,1672,3764,3137,726,9932,857,6019,1349,2480,8087,3706,7533,2563,4695,8139,5024,8406,4188,4341,2485,6626,9264,
67,9274,1381,7030,6109,8507,6401,9059,5403,4181,977,9717,3581,5944,6240,9097,2659,5068,7110,4335,9278,2310,7070,6968,3616,9095,8602,16,5305,1615,8456,7801,7053,4669,2632,8491,9760,8868,6288,7457,2051,2283,5374,375,9884,4072,876,18,6762,871,483,2038,7207,3942,4765,5478,8992,7927,9482,4121,3362,1292,965,1492,5122,1218,1239,9343,
126,7499,5633,4130,4287,9099,9615,8375,4981,1105,418,2449,449,3562,4172,9968,9380,2003,1156,5499,2959,4972,41,5748,4883,1377,4996,7909,8135,764,8906,580,2685,3702,8840,4700,2409,2131,1685,6715,3076,4352,1512,8531,5163,9073,7371,291,9794,6509,9647,6928,9912,9745,3883,9821,9138,2230,104,7104,3651,5253,9077,1988,4617,2269,3133,5677,9753,5492,4436,5218,2428,1879,4493,2926,9267,7348,9295,4804,3977,9684,7400,4470,4234,1364,3274,5790,7448,480,7806,5378,9309,1409,2047,6511,217,5645,3610,3954,4780,9217,3745,7421,5336,6963,9591,7865,9604,5710,519,8345,7290,1706,2815,3635,7064,4477,2460,1359,8887,571,3463,5226,5267,402,33,
128,1345,2947,3815,4299,1634,9698,9704,2625,8936,5643,8542,504,9739,8914,1981,5321,2178,7509,5153,9928,5198,1676,6099,4342,348,3710,5883,3334,9052,643,8717,2670,5370,9216,5718,2355,6126,1819,8284,5236,2326,38,5077,8143,4374,1200,5412,3998,1725,6785,159,5519,5006,1394,9119,4604,3816,8177,7002,6957,7945,3413,1343,9016,8634,2381,8398,6317,8557,8401,1904,4886,3301,5417,8131,4488,7274,6253,4459,262,2646,2136,8277,7546,8237,7081,8853,3270,4503,444,6118,5138,5887,8004,8777,4806,1108,9303,1328,2630,8396,4663,1837,767,5836,9340,7545,3960,3313,9639,6983,8056,1534,8622,5882,8744,151,4676,618,8879,8778,9327,7073,8854,5885,1069,9458,8927,
87,8363,67,3261,9996,5798,945,1030,5681,563,5296,4924,7529,2803,8132,8032,7298,6183,1563,5655,800,2315,3335,2557,179,3631,6525,3525,6273,1317,608,4945,8825,2291,4350,6765,4397,7215,5930,8866,4319,4123,5972,3901,9091,2004,5746,1415,1849,1237,969,4450,4732,1799,3644,1438,1046,5052,6737,5143,5797,6659,126,8281,1020,5827,5548,4952,4652,7004,4085,8111,6979,1977,1881,4938,4497,4206,1802,9905,672,6819,451,7034,7045,6236,8486,2668,
73,9689,9547,5399,8767,524,4375,3594,9123,398,7972,1971,476,9173,1192,1066,345,1705,1654,5919,869,6202,4861,8728,2484,7614,6876,1262,4621,7040,561,9626,9894,9430,666,5532,6132,3944,6221,144,9150,4250,9918,3614,9057,4434,6855,9943,1667,4096,9711,7350,1251,4302,1545,4646,2236,2736,1175,1103,3277,4725,6966,6243,2728,3847,4288,5812,1384,3468,4772,9316,9319,3081,
127,7479,8624,3794,2070,3083,9542,4381,6151,427,743,4994,422,4785,2718,4781,5344,360,3442,4548,7611,9614,6060,5617,4775,55,9232,292,6135,8297,356,552,9008,8578,8222,1311,4433,2261,2887,8187,6166,1122,1095,8494,5421,1714,1968,7733,535,3206,7612,4624,1614,1299,6428,9151,7626,1241,3441,2500,5767,6415,1196,7415,2524,3180,9154,2945,7736,638,1365,7918,5900,295,8522,5423,8790,9904,1557,2094,7557,7412,7709,3170,3204,9960,6358,811,6332,8630,2397,9984,1880,1683,450,558,4485,9671,9007,627,8184,4264,4337,1243,6996,8754,5319,6500,1768,6683,5564,9034,6635,5709,5278,6564,1324,4243,184,8821,2800,8377,3369,224,5424,5514,5411,8595,
132,1147,9322,595,6167,3503,8029,5833,694,2561,5409,4568,9374,4668,9079,2544,7970,1681,714,1214,6667,8665,593,3673,7742,6610,9451,6031,2809,2222,6168,6988,783,8280,471,8426,2972,4768,6528,8323,5475,7856,5912,2052,6542,1014,7047,6439,1719,2328,3398,1316,7404,7015,956,6265,8516,9118,3512,3885,8921,4932,7180,3508,2905,3659,5019,8361,8629,2043,200,7699,3472,3095,972,2143,1709,6418,5495,9891,555,2451,2262,6250,5014,4132,7772,6029,9570,9694,7688,3621,8016,8600,7008,8837,5140,288,815,8006,6942,7849,3802,6924,7327,8290,3502,6239,9819,3340,317,3936,3630,3782,8984,5926,8685,7152,4081,3730,3198,8147,8782,3496,263,8998,5503,2993,2422,9335,5577,3716,616,
86,5207,3183,7203,1245,7873,9420,967,3887,9174,6123,6720,4948,4935,6381,3394,9454,4419,8146,9299,7738,180,1877,6969,7700,9813,7211,7096,5360,1197,3544,6062,4049,3945,2420,1190,5669,3550,4462,6053,4829,9038,6086,8007,3810,4180,6257,9360,904,2551,355,3773,1335,3996,9762,9047,7686,5731,3557,9406,1296,2818,648,8519,1865,5764,3245,5845,510,1947,2903,1995,1213,4852,3709,3037,4904,2425,1803,4923,4161,6007,2288,3236,4848,9822,3135,
119,3692,1413,8053,7354,1610,5193,4818,1114,6438,4820,3681,9002,1054,4754,5531,9693,7763,9517,1553,189,6012,6735,8162,193,8097,3342,8570,6766,8742,3254,888,8882,4719,4169,2568,9084,8588,7560,7372,9764,8470,878,2395,340,5270,1501,5530,1529,4067,9233,6225,2679,9872,9927,650,4589,6325,5238,6879,4554,5831,8509,3893,1671,2113,3888,7861,3804,586,6792,7990,3175,8120,2481,7214,3088,2387,9720,8591,7729,3750,7326,2722,8243,9598,9149,3416,788,1627,1503,7313,9446,2005,5985,6078,3538,4991,9769,7166,6971,6840,9412,5220,310,7287,6672,7259,4990,6712,5441,2531,9236,1314,6537,6148,8640,9535,6107,9915,
99,2048,1117,7899,8386,3435,6264,3012,9798,6426,3173,2854,8419,4457,7745,9134,3221,838,937,1883,1972,7961,1967,7928,1703,1473,7672,9379,8127,8991,7182,4032,5574,3583,3127,4850,9318,3289,9428,8870,3055,5859,2327,5152,6736,7041,669,8823,3199,2515,5166,1845,2796,8648,9275,8189,4231,943,1756,3256,3994,6908,9573,9533,541,6136,5829,157,7876,6568,1302,6442,8055,6348,2609,1688,2440,3914,2413,1983,8898,5758,8653,1407,1340,8439,6280,4762,4401,7306,7748,5380,2188,2874,5452,9076,1191,6927,5042,4379,
118,9780,1794,5947,635,1125,7813,5246,399,9072,6699,4602,5726,1279,1006,3153,9194,6013,4547,8226,9617,3128,925,9922,3474,6164,5295,678,9685,6067,2067,2526,7082,4597,7028,950,6407,6399,1210,691,5340,5898,2330,9908,6757,5542,4793,2995,6382,4826,9202,5144,8387,4109,5905,252,6705,1728,135,6505,5466,9939,1395,5922,7490,5788,9180,9562,241,6437,1908,805,9361,3197,2696,6101,2927,3383,9144,404,8104,5369,7155,604,5110,6805,8950,1655,8399,3084,584,7440,6323,103,9350,5368,2939,5108,6913,2373,3007,6222,5967,4054,9991,8506,4798,9222,1350,5653,4284,4074,729,7616,529,7728,6828,4145,7841,
76,1886,1694,8429,2715,9000,2150,5346,8526,1411,7083,8409,6058,8884,1515,9803,9448,8176,2453,1035,3,3124,1993,2252,7670,1811,6334,9497,6708,5473,3403,2228,8027,7139,4574,9058,1538,5422,3390,1644,1860,472,1966,4519,7429,2448,2137,5150,2735,3330,2921,5059,7242,9368,8047,7673,1550,5460,2751,9241,7441,17,8464,8305,1932,883,1457,4794,5969,1400,2072,7044,7903,2097,4840,6047,8740,
135,4476,5467,3812,6569,9887,7896,9768,6519,1934,4736,12,4992,3479,6162,6251,4205,6075,120,424,8669,5125,5428,3760,8384,3201,1831,7840,2108,9507,1374,31,9793,1589,209,5570,5648,8051,8169,5283,5205,9062,4110,1801,2789,7324,2247,6960,3486,452,6028,4236,4701,6129,4998,9427,1618,8495,9088,8152,6989,5924,6885,6973,9162,2266,242,5817,9190,4246,1437,9847,7309,7518,4071,877,543,8961,4000,7358,4778,3876,9312,9262,8766,7807,3637,77,6303,4940,9459,5915,3032,9931,6754,1543,174,2358,2514,6975,3071,8118,5322,3990,7145,7986,7134,1061,875,911,219,7822,6732,3316,407,7549,7659,8547,3678,3126,8722,9382,6404,6256,7591,4838,4166,173,6122,318,1539,9629,4745,3150,5224,7550,
119,710,8505,7706,3190,6142,6048,3726,4951,1028,4876,4531,7606,3850,1371,1567,8294,1222,5945,5821,8084,5126,5293,6777,5534,4895,6722,7401,3560,7013,7149,6444,2658,4140,7455,1528,7704,887,2259,4004,1753,6008,1446,6555,3670,2256,5575,924,231,9187,8938,4423,1145,7514,5180,8354,722,2716,8136,6608,2093,1085,8797,3553,4404,3554,8190,7407,1522,5639,9683,4168,5124,1530,7983,4973,6625,4091,6943,6603,3622,8210,9817,6758,3357,6089,679,7450,5717,5269,8791,6301,8612,2264,373,7050,9735,4429,4957,6377,4272,7397,1119,5454,2032,414,9503,1333,9834,5133,8691,3252,2110,5002,8809,8458,9975,4846,752,6420,
121,5003,2386,2516,6697,4360,1170,6402,6972,4442,2741,8077,2470,6117,1873,7200,8802,5745,6582,1158,8435,2242,114,4966,5175,8049,4877,4859,5235,4524,8829,2525,544,2770,4937,5275,7339,7885,6469,2172,2374,1689,9938,1385,8125,553,7889,920,5740,634,6523,8185,438,3806,3401,4024,4421,955,7753,8122,6623,4841,802,6344,1585,2016,5500,4616,1599,2783,3803,6231,3004,3029,7315,781,3498,6322,3349,6219,3931,4726,4881,2145,2674,2548,7976,3283,6688,4296,1999,6044,6632,4958,5702,9272,8346,6517,4496,9707,803,9838,2378,1204,5642,6862,3563,2391,1308,1921,2602,3114,5204,2493,8881,2432,3485,4682,100,2743,6594,9697,
69,975,1227,1635,9435,4372,5850,9307,5455,6577,5591,5223,9494,196,4332,2272,720,5749,4603,8949,3718,4521,2904,109,6607,9703,1825,6698,5057,7933,5215,3379,8785,4825,1463,4890,9606,7795,9220,229,9995,6753,2101,7032,4556,7117,5274,8286,2897,6728,8765,7920,9353,9913,8390,7544,8109,2142,2756,2731,1433,1878,2946,4174,6774,5031,8325,1285,1863,9116,
116,2578,2650,990,4298,2175,5189,8298,2580,8720,2987,1281,3475,9192,8999,9403,9910,3232,2691,9998,1198,377,4611,7247,4795,7576,3755,4694,7205,1023,2700,7547,3654,8158,9878,2973,3807,1051,2840,1002,5396,6964,1011,7302,9347,2938,6460,8194,3767,8022,8114,9999,8735,6130,254,1760,7975,3680,5416,5141,9901,953,2384,6965,3606,7984,7712,6851,7426,7897,2368,4251,3558,9496,1813,6238,6445,4693,287,7622,1684,6446,3671,6687,3598,3950,2807,9443,9751,391,6892,294,596,5406,4153,3042,8333,4549,3576,3321,7516,5096,8587,8397,3481,9228,8365,7705,9738,5276,7422,4431,5313,2353,6207,8239,7910,
94,155,4194,3701,1399,6796,3599,2638,3296,5773,6144,3469,9204,4515,436,5893,2934,8273,9837,8054,4126,2942,8269,9673,4116,5934,6112,2442,3800,1045,6721,5777,8344,3520,4036,1645,848,7968,3969,6463,855,5328,3756,9457,8567,372,868,8525,9807,776,9280,4260,833,2660,2569,1749,92,1005,882,4437,383,6926,8052,9842,1498,3510,5183,9298,298,8619,1605,1370,4971,2438,935,2459,5855,5201,8150,1424,2795,2462,2210,6833,9405,2677,2566,7905,1925,7385,7882,3376,2027,4827,4451,
76,9199,996,5685,2895,7765,8274,8674,4880,9719,2761,5933,2762,1861,1834,5326,8864,4216,8530,1141,249,905,5515,7755,6152,2951,6055,8424,5109,3703,9465,8433,5546,3202,703,4334,5259,4388,9282,265,5581,5362,6831,3943,9848,6327,1776,3934,4920,7074,5118,2651,6770,9896,1901,2512,7573,4441,5432,2867,1268,6258,9899,6105,2590,4837,9880,5498,2474,6940,3642,8582,591,3739,2797,3115,3090,
134,240,4087,1077,4831,2039,8814,1601,5572,7055,9453,7679,6551,3578,9690,3744,7186,4351,9867,5621,9743,3985,4176,4227,7009,3686,9777,368,5839,1347,6806,1662,9646,1664,4273,9345,6571,8214,307,7716,9141,3974,9357,2879,6556,5465,3100,3552,7102,4279,5009,9326,8289,8263,9414,5852,6302,785,3049,930,3185,6395,382,7253,6992,9250,5565,5279,3105,5190,3157,3864,9103,8673,1506,538,9554,1857,5755,494,272,5507,1607,5382,3290,2641,4143,6526,9176,3633,1127,4446,9346,7955,3995,1456,4817,5856,7376,6189,1212,3639,9523,124,6468,8574,43,9413,1994,5664,9782,2724,2663,7480,2085,5354,2346,6631,9395,2600,3790,7424,1055,3286,4607,665,1822,3515,8586,5676,1163,3358,9826,5361,3356,
97,6436,5941,7224,5353,7066,3248,1590,9808,6767,8362,8218,1199,2845,1000,3284,2530,3385,6898,185,3364,2863,7163,525,5614,6447,3242,9786,2483,7307,6226,237,469,7640,4634,8963,750,5331,1647,326,2078,2335,2909,3466,225,7159,8649,4508,2502,2479,5659,3009,433,3937,1807,621,2669,7107,2828,2833,1303,4244,3946,777,9224,2633,3348,8268,2832,3575,2385,5563,2534,3992,1260,509,4021,1597,3324,8219,9219,4504,204,5342,8172,7794,9665,9568,3397,1242,7682,5592,8625,9158,13,3148,3537,4415,
117,1360,3830,390,4424,8233,8224,5135,6727,1304,7291,5261,3275,2933,9631,4015,466,2274,6860,8211,3298,3602,1468,65,3647,881,6521,5729,6346,6461,8913,9109,918,2758,6628,5359,8903,1136,1687,7286,19,1669,7900,7496,2706,5413,168,2953,4494,3035,2156,3826,6935,9656,784,2769,8543,9261,9364,4670,1427,68,2087,5260,2311,2930,902,3863,9136,3913,5384,3171,9796,7080,8908,1184,3461,9431,8485,4438,1092,5794,7511,5771,4367,5720,6224,1928,2181,9530,2819,3020,4542,1362,5397,3331,5191,3367,3519,8034,1250,4789,2920,598,2754,5865,1872,9026,429,7248,1146,2745,1084,4887,1856,4129,1633,1012,
110,7973,9636,6163,4661,3714,248,6545,6787,6181,9788,999,269,2165,2157,505,8370,9044,6073,5977,9248,2008,5272,2798,213,9926,1773,2705,4286,1626,9973,8215,2540,5162,4269,3454,793,9682,6995,5318,7646,9563,1549,8310,4365,5904,5908,9260,4204,8316,5917,7864,7268,6604,9944,8610,4712,5,533,6484,7267,1338,9371,1206,6660,827,9560,3951,1604,5692,9966,7531,6546,1341,5711,6953,4500,837,2010,8580,2159,711,5268,7016,964,4336,1267,7056,8068,2426,9028,9152,6397,4510,1373,9179,3258,3762,7229,4779,652,7608,7845,3368,1720,614,8598,5146,5389,9553,2149,
99,8011,2116,5880,2359,8617,1026,7498,3522,2024,8061,9184,2081,1231,9622,8130,9145,7185,4070,3429,7172,1600,7828,6801,2086,2896,1661,1565,8780,4721,2180,6663,6235,4536,2192,7988,4062,7946,9439,2628,9699,8971,3889,5862,4723,6691,163,9840,4310,4409,5450,8987,6729,4830,2475,4066,3584,7403,1713,3266,7932,9042,1737,5040,8974,54,8454,8631,7811,6725,7568,3625,932,7173,1950,1821,5016,365,5345,9797,4316,3047,1902,4648,2721,2187,3955,6574,1080,9655,8928,3690,6490,4407,4478,3574,8436,2239,4472,4786,
75,5314,2404,101,6371,8697,1048,8106,740,1073,8564,3002,1193,4742,737,1482,3895,4738,1478,1632,4581,2542,9924,4270,4666,5233,1781,2912,5338,3155,9182,4378,1914,8990,6600,2292,5901,4149,934,8048,5512,4131,9605,9481,4537,7255,1257,3837,6262,7293,7160,5597,4349,9226,8236,8166,4492,2852,8714,4854,5074,8678,3708,7696,7036,944,1276,3906,4491,2323,7301,8770,6596,5367,474,8661,
124,6686,2434,5192,6931,8388,2280,3434,4505,7266,6290,2794,6747,1555,3464,4679,5156,7469,670,3792,2957,2377,9342,6857,6739,253,1357,7609,9625,8688,1044,5543,9628,6459,5097,82,2167,415,5237,8577,1277,1050,8186,5111,2170,1770,1464,1867,867,6921,7118,9859,7198,927,4320,1579,5949,2960,6011,5427,2681,2827,8093,1382,9323,5501,5093,4187,5210,5769,5196,6529,6493,9196,4105,9701,3967,8328,1232,4598,2853,1717,9125,8045,757,2341,5889,4119,2644,9475,8206,6769,7473,7992,25,5899,5391,6518,6216,5325,6157,7758,9621,1344,8153,6816,3683,4650,8321,1162,5490,257,3753,1675,5566,5923,2279,1742,2989,9958,3636,492,1442,3713,7681,
165,779,4258,3452,9223,3243,3064,1546,7943,4469,7523,6234,9246,516,8955,8012,895,9511,1526,2708,7105,1021,3873,1326,1019,9520,1711,7127,7651,4773,2489,8967,7528,7855,6278,4788,7770,9055,5667,9854,3063,481,8014,3841,2613,5526,1164,8265,3527,7922,1134,4836,1846,2884,5824,5433,4628,1826,5213,5668,6001,6733,9160,5527,9637,5550,4832,5112,2184,9592,2233,9857,9982,9774,7798,1531,8076,6836,46,8524,9029,270,8129,7857,7853,1566,5536,4988,6887,5037,5306,7552,3092,9048,7115,5725,4814,8633,9367,1772,658,605,1060,6748,1570,6832,4703,5646,6335,1265,602,4633,7052,9609,8858,7572,1484,3108,6140,7402,5734,6531,6024,7892,9579,351,1471,8563,3524,2615,3123,8939,1507,7048,1595,9080,8137,255,1310,2740,4896,9090,6174,1205,164,9305,853,5113,7077,7202,1569,4343,6155,7432,8571,8905,1957,8198,2914,4097,3425,2816,1443,7959,7393,8035,
140,2492,4426,5445,6406,8021,5983,5670,7000,5265,3065,5480,44,5994,3377,6081,458,2787,3694,2064,1418,2161,2784,4770,7388,4202,8498,6846,1466,2030,3842,4645,3408,7225,1948,7751,609,9279,8644,1898,99,9258,9752,8847,8493,3582,2060,9903,9795,5234,1086,8919,6578,6890,8005,3724,2629,2661,8141,9515,7265,9471,8113,8848,7177,1283,6319,3542,6782,7463,2619,4686,8302,2469,1120,7623,5217,6818,6543,9529,3418,6905,8275,3539,4095,5528,3569,5154,8989,344,9766,1151,1168,3939,5242,1238,1938,8643,462,5848,7664,4999,3281,5560,3350,7540,3443,9469,6069,2617,9956,71,6694,3439,8128,7949,9231,9754,1779,8430,5687,125,4134,6020,3528,5301,45,1900,6042,6153,5060,9660,9514,4783,2229,8609,8986,182,2592,3300,4665,
86,631,89,7411,6704,8943,2880,8180,5837,9759,6077,2014,330,4566,5082,5918,8039,5936,4620,5946,4268,9705,5999,5022,2200,6570,656,6416,1064,5377,5134,7657,7741,9642,3658,5533,2637,7006,770,2591,4147,985,5341,8556,4776,5286,3233,8883,1504,1405,6956,9039,7595,8480,8615,9131,4926,5954,3596,9415,7188,9436,7493,4303,8996,8772,79,9865,4835,6050,3870,4558,5666,5612,5294,2588,6795,1575,2753,4801,3663,7318,8613,922,3072,1423,8888,
107,1137,6789,5155,5148,2925,6761,852,9607,9155,9948,8288,8716,6883,7093,7675,7538,3346,479,2940,4262,284,9670,8941,8647,1139,9069,5231,6998,6337,7764,8569,7458,3187,9558,5298,1412,2963,2433,9061,9914,7906,5087,6749,3886,2018,647,5811,1426,3318,7123,1293,659,3817,3008,8979,1221,7475,7079,2791,7343,8322,1613,1808,762,62,4027,8589,7280,137,4148,4010,4417,7527,9388,7757,1992,9049,3597,4329,961,7602,5776,8267,2092,2997,3740,2804,6372,9143,6618,7521,7620,2237,460,3791,7650,6088,1630,7867,7504,8191,3158,1351,1804,6612,5957,1083,
112,8521,5071,3226,6630,3556,303,5333,4509,243,8844,3797,2817,3880,4631,6897,413,4182,2340,9338,5739,4716,2074,6357,347,8256,9393,979,6187,2435,4610,7025,8962,548,9409,8793,5227,131,6646,1339,600,47,4511,7109,3961,2732,7162,500,7294,7633,3860,9654,9787,5371,6997,1747,5327,9331,9889,7085,5884,4432,8718,8040,4724,8020,3085,3938,9284,949,649,7483,9930,6768,9833,5557,1935,1596,6472,5971,5815,8748,3619,2734,9539,2061,2126,5130,7740,158,8538,6958,5449,6786,3473,5107,7482,4133,5070,5606,9963,8195,3446,3874,719,2418,2597,2631,1788,6809,5317,8017,2859,
120,9835,2980,227,6186,1091,9005,6066,5442,3019,8230,2324,8787,8687,9165,7827,9033,3491,4393,2652,275,2923,7963,3856,4051,3311,2916,6775,5335,2998,2626,9167,4014,6208,576,683,6467,5310,6254,6724,8261,290,2076,1987,5392,1075,9596,6820,9825,5879,8756,2848,3267,2204,5896,9046,1130,7369,9085,4344,5662,1358,9009,3962,9163,1544,2508,5854,2513,6906,3941,8067,1704,5909,5897,5168,208,1388,3414,8975,5448,6522,3899,9074,7637,1336,5282,8501,9198,4944,6307,2744,7567,3921,4297,2465,7860,7964,7510,6266,9657,2015,3517,2511,279,3381,81,3523,1486,3230,9215,4468,7714,2662,2999,3843,653,7273,9417,6591,3393,
105,9686,9460,4575,2128,993,7779,8251,8196,6003,8431,9706,5978,4094,1315,63,1572,3774,9585,1949,4235,4034,9036,302,9669,2441,9586,2123,9120,3828,713,215,4921,5942,6431,3997,4608,9763,9424,4443,4498,3980,9349,4893,2046,5578,2547,8448,3588,2439,9056,2888,8855,2545,9378,569,2068,2365,738,2703,4102,5398,9824,2348,5030,9302,8478,5084,2002,4570,8618,9053,8089,6068,4601,6451,2949,1502,6441,3172,2339,1870,3607,3699,6904,5742,7958,7797,9506,1942,5906,1659,5675,2553,1540,6449,4544,9124,6713,1093,7995,6520,701,1592,2212,4228,
114,5472,9366,9386,732,5426,2133,6233,4075,49,5157,527,5280,9818,2771,5538,6200,741,4009,4041,847,6845,7530,1015,2265,8749,9265,5048,9432,8026,387,6052,9953,3516,1718,5573,6455,3360,2713,3329,6272,4160,6925,5315,8272,4113,9392,3808,1029,8807,3449,8444,9783,8768,1913,8058,613,8336,2251,5062,9020,8703,2598,2565,5699,8332,2054,3427,3605,2012,7667,7987,7106,6097,1973,7718,2701,1233,6944,9082,8890,7596,7275,5303,9362,9635,3380,9398,9906,7222,1885,1432,9882,2839,6640,7641,3205,6171,5586,9702,7413,5540,1582,7035,5806,320,7644,6676,6085,3244,9334,3725,2427,2501,5164,
114,5065,5502,1625,6108,5186,4118,128,7574,5247,4963,8911,2338,7323,3098,3547,1159,2077,9770,6587,7178,4660,8473,3669,3487,1639,2162,7960,7262,6138,8856,2581,8548,686,5688,8228,3900,514,1806,9946,773,8741,9959,1467,380,9640,9700,5476,4281,9045,531,7799,8108,1286,7322,6289,1220,7825,2698,9688,2186,806,7151,2322,7832,7561,5701,4069,2589,712,8151,4278,8642,632,1491,3405,9610,4056,9664,4463,1677,8759,9485,6580,3531,9105,381,1680,2872,1824,1556,8357,4386,8459,7760,4011,8636,1573,3477,9561,5273,499,9737,3140,6627,7406,5459,5744,5348,236,7578,7789,8260,1142,6919,
141,9978,651,6751,565,8423,4196,6143,3060,165,3742,1318,2891,3821,9253,8043,6409,7046,8731,361,3325,7352,7269,7586,9096,5308,6296,1059,8845,7879,5753,6070,8015,590,4956,8959,3225,5142,4787,8954,4892,5522,8528,8024,3091,3467,7790,7915,587,4600,9696,900,7934,7826,2494,6502,1848,8264,3365,9692,5001,8683,1697,171,4968,1786,9675,9444,8994,1917,3010,2482,4420,5013,9832,7639,386,1160,2407,6852,1962,1855,4565,1259,2729,9911,3247,5593,9500,24,4044,9662,9895,4949,5991,2217,7774,2302,6318,8299,547,2190,8515,5437,9311,4916,5660,9672,285,9709,5047,4356,3953,963,3890,6764,453,9440,5012,4910,9447,1740,1261,9157,4800,2823,1744,1378,7831,8931,3641,5008,1361,5877,1004,7058,5129,9455,4249,9977,2567,7122,
140,7747,9663,8922,9288,6373,3757,9175,261,2290,3031,376,2199,9543,8867,1707,7660,3264,2849,774,5814,2639,9452,4698,9983,3132,3818,8733,2295,7156,9102,8862,886,542,313,4520,5595,698,7466,4908,2838,4345,7994,9358,8202,9581,5311,3587,5332,9624,8092,2031,1098,3168,1470,718,8846,9509,1079,5225,5763,7941,5358,1149,2062,1071,6680,1842,4222,3981,4715,161,7588,589,6391,3704,6268,3695,9571,8422,6617,6350,5695,4813,8483,4760,3412,5373,5212,8303,80,4013,3265,1815,409,5323,8427,7414,4643,2907,2107,5167,4757,3033,5011,3077,2684,5487,9736,5816,5525,657,5823,5761,5779,8484,1678,1542,5419,5624,7792,3892,8652,3911,8208,7858,3184,181,938,1100,7380,5309,705,4727,5173,2034,6954,9687,1513,2091,8380,
106,940,7756,7383,1392,3849,3094,3838,663,1183,6393,8293,5716,575,6263,6923,136,3003,7129,4782,4766,6321,434,4906,3852,4564,5524,3111,5044,6462,9577,3194,1087,9108,970,9941,3146,9890,8339,6194,8545,9873,8249,1033,9289,3162,6895,5735,250,4559,4385,9925,8437,8368,9276,6489,8796,8601,69,9744,8001,3772,884,2221,2601,4412,8367,1751,7017,8973,4142,3789,7944,5707,6668,8060,1656,1032,2415,6359,986,9643,6049,4483,693,5853,7997,2246,7950,2932,8535,6388,9126,7170,8164,5228,94,3572,4439,3263,7392,2045,4655,268,3419,7125,3832,
87,9040,4495,3141,3210,5429,4271,8107,9068,3164,6057,2104,9203,7656,8978,1606,3664,7893,1284,983,3632,1366,2752,259,7604,9321,3052,170,6076,6827,2207,2517,778,3959,7195,5658,549,7021,8432,7938,3102,6448,1722,2680,8800,7240,405,5302,6709,4137,2282,1853,6192,4090,1255,3592,8353,5911,388,2376,9315,8461,7434,112,4941,9387,8566,1640,3561,6198,7829,3933,1068,5408,9917,1356,4065,3910,9853,3142,72,4354,2009,5751,8695,9501,5035,2573,
113,3869,8234,7446,3533,640,5443,9269,2686,437,3509,5132,4225,2773,9391,3121,8133,7937,8096,8779,2885,8850,5616,4905,4689,3721,7687,201,5698,3719,1180,4327,5902,233,9117,5989,7921,633,5793,3303,8668,2495,1453,8861,6920,3504,1839,522,946,4295,5713,4257,3568,6937,7218,507,5290,5804,1602,8116,2119,7033,7131,7593,7111,2814,4961,2299,1272,6941,8997,3327,7590,2966,2507,9985,4599,1271,3489,9290,5299,3853,4545,6718,3824,9974,2950,4518,673,5844,6933,8813,1926,2444,6987,6843,4023,5386,5088,5649,26,9612,4029,3999,1617,8292,2883,5170,6476,1752,463,8441,9348,9401,
113,1460,2664,1631,2750,3028,8560,6450,335,874,3722,9205,247,3882,8620,5329,5079,9285,5644,2702,1017,842,9111,9504,7263,3426,5970,32,2096,3912,1621,3023,4237,7024,9679,6664,5665,1070,2380,9330,9054,1897,1547,4619,8969,5846,6807,412,3579,1665,3667,4605,2666,1708,1294,5775,7332,3361,4464,4697,2792,3229,8709,8750,1223,5596,271,5007,4647,9746,641,3970,6690,9816,7555,4625,3459,3372,4997,5041,5784,7525,988,8686,7486,7282,7722,8242,7907,864,8355,1116,7671,5456,5095,7703,1016,97,6951,5654,9860,122,8693,685,2723,3143,6613,28,7654,9247,5661,8434,8514,735,
87,7389,2090,9967,3451,517,4274,4007,3131,2865,8976,3017,2964,5594,1396,610,1211,2194,4899,6797,8812,1757,1228,50,7815,7396,5630,2504,7261,5069,8342,2458,8965,2829,4516,3145,4347,6369,1166,1998,7515,5145,568,1072,6248,5708,6621,2747,4380,5714,8725,9757,994,1244,2366,7087,7112,655,9499,2994,6380,2309,6308,8466,566,5921,178,9277,9868,9691,6513,3299,2317,5937,2635,6419,3433,7587,4330,9292,8635,485,8662,6730,6304,3603,2205,9765,
94,9954,7725,6385,8909,4198,6583,2478,300,9106,8803,9582,1741,1516,3437,7936,1568,4059,363,8724,1818,3073,7405,7947,699,959,5414,2594,8159,2454,4103,3395,4473,4657,2249,3231,1493,7776,2990,3653,8167,3968,5363,8415,3698,4101,2875,6343,794,9747,1274,8038,6159,9815,8347,8774,7965,5266,5430,3016,546,4383,4353,6917,1652,1301,3235,5727,9800,5209,8090,1637,1660,4914,5678,5869,7221,700,4639,8285,6745,7524,4947,4265,2765,2812,9778,352,8320,5393,3601,1490,7891,7558,7351,
102,4672,3339,8599,6865,1759,2307,4622,7902,1823,6378,6813,7974,4212,3848,6392,7078,5886,8220,210,9845,2035,3415,6037,6092,4042,5463,8329,8627,5496,489,9731,7199,8897,3069,4058,342,8335,4911,5219,5738,431,6218,6650,1927,9474,9601,2498,7629,1451,5509,3096,6702,6242,5914,7451,6227,5651,2506,7883,5405,573,8199,7467,2369,9122,6173,2436,6217,3536,1266,7838,8451,4642,6491,6822,2653,3144,2154,5705,723,7337,4325,1787,8818,7334,8036,1226,1102,4346,9715,5964,9480,4796,8213,4366,1862,3705,7468,2622,129,6103,5120,
124,7278,8925,3139,1533,1,8573,5300,5244,8830,4909,2308,3949,4993,5025,70,419,7926,5104,597,7539,2089,8832,6090,9508,8544,828,3307,6950,9083,661,3963,4613,6620,5874,8651,736,2720,5064,4289,3604,6259,1726,1449,6864,8811,6759,511,6802,6959,5903,9661,7447,4275,1996,6716,8378,1475,9590,3438,2704,3211,9730,9063,8046,4369,191,3858,582,8504,3387,2147,668,6512,7878,8902,9733,2020,9449,4292,3617,9137,6593,3217,8824,3505,4490,834,6771,1201,3896,2992,8775,369,4586,1875,2490,6839,490,9555,4535,2831,273,8476,639,4348,4285,9423,9949,2538,7930,4219,2655,9749,4912,3786,8492,9416,325,1715,1376,9354,3341,9658,9951,
86,1954,6121,1076,7283,7669,4135,1229,6804,7967,7138,7677,7158,4573,5418,1157,5640,7379,4253,9799,1511,9828,936,6453,503,8240,7142,5803,7391,8729,5801,2390,176,488,6193,3310,4984,5320,3809,1275,7585,674,6306,5529,8313,2177,3308,5951,2234,7023,6527,2755,4748,792,119,8315,917,4815,6794,6483,6930,9885,9527,3165,6384,1868,5819,2738,7564,3239,9229,8364,7491,1330,1778,8947,9244,2445,3535,6834,9748,7437,7628,5602,7264,3110,1594,
153,630,2499,8366,933,7135,7617,4797,4522,6473,5026,3857,5357,625,5185,7346,9716,7453,1609,6641,4771,745,1828,9740,1112,6245,1354,3333,4203,9538,5493,2140,7356,9849,9557,1153,2779,3559,8144,2059,5151,4654,1403,3564,7171,2595,6955,1733,1670,1980,6624,4217,8924,1527,5762,4309,6889,5484,4152,2835,3868,6270,1871,2066,9221,3770,6206,1560,8568,4843,7095,3107,1562,3507,5458,1001,1554,3223,2642,4185,9630,4618,7541,3549,4702,1690,6000,2403,8225,2929,9389,1732,7800,6481,4447,6232,8995,8675,2114,8964,2917,2109,7683,9341,9255,5878,579,6305,733,7978,9087,6638,4684,4753,4759,1320,8246,4875,3929,3371,9225,1858,3423,1057,9652,8000,4653,1410,329,3445,4901,4290,1174,3181,3916,551,4819,5963,8553,6665,7819,3255,3689,9383,9320,2570,6312,6139,8203,3779,9325,195,7852,2846,
123,9724,4162,9213,2333,696,3727,906,7148,4585,5737,5960,116,7452,2554,4209,891,9600,1081,9301,2749,1216,1624,9251,3878,6793,3506,3234,384,8806,9641,768,1623,7890,744,5017,9437,3927,5202,1352,8737,6714,3209,6063,5264,7086,4293,7208,6180,2329,1696,3241,5828,8282,6424,8050,9961,7914,1353,1674,4183,7174,2370,1755,5420,2406,6535,5018,3288,9616,6191,2733,9146,6362,1036,6422,1517,7097,5032,5544,8327,2379,4741,3462,1510,3626,5339,8857,8334,7494,620,9127,9243,6572,9861,7001,90,3285,9169,6980,3586,6328,5010,3220,9369,8561,3783,6176,808,4057,385,1346,1959,2304,1143,2455,560,4740,2040,5121,7232,6205,6330,4706,
125,1249,1248,9071,2431,3440,4889,1379,1982,6498,5754,1695,9011,6093,5256,8532,246,4842,8257,4629,4761,4339,4452,6567,8253,4323,6375,1368,826,6114,1209,2297,141,6648,6213,6298,4847,4540,1224,3207,8743,4247,2873,6276,9784,6156,5075,9273,9402,4833,7076,9010,8207,4561,8942,9862,6824,2640,3125,3086,2463,4888,4662,8679,6197,5832,3593,9574,2583,3036,1774,1616,461,4595,4283,3422,6903,9619,804,8786,3948,6637,4615,3482,7386,3054,4636,2654,4053,3752,989,2224,3068,1454,5541,8664,9676,95,4427,6283,7394,4487,8739,5778,7417,5076,2924,3845,4306,6849,3656,9534,7476,7536,717,3629,6499,1416,5576,7642,1817,1448,2648,7698,3118,6106,
99,8404,4060,8254,4919,3366,4656,6530,8590,358,1319,8958,9201,3001,1918,962,4862,6094,8511,3754,997,2127,5136,8863,3163,5330,4079,7724,276,297,8666,145,2877,5049,6692,1297,6338,844,7243,4543,3736,5004,9489,5356,7603,1477,9892,2102,8771,1643,395,7193,5161,7685,8656,7863,1783,2991,4857,4582,4557,6874,4523,4791,7942,1505,7317,3957,2657,2270,8667,4925,2564,3966,8730,8168,3676,3444,2901,5089,2503,4844,1890,8985,8877,6435,8734,9583,2056,9559,4399,9512,3591,2802,2952,5996,7161,2682,3925,5187,
97,2336,539,2550,2006,537,8626,798,2647,8205,5599,4539,7308,2634,9214,3436,1203,9043,3932,8008,7347,8145,6184,1789,7836,4357,5605,7465,8307,5462,6674,61,9317,5631,4311,9286,3347,2363,9238,4550,2900,7610,239,3238,6292,9981,1564,3693,2316,870,7341,3257,4405,9522,2612,5316,8915,3039,7989,6026,6110,8704,4277,817,6946,3846,3987,2719,7653,9877,6746,1874,4422,2983,4583,4392,7734,6544,439,9486,1561,8188,5375,4019,7295,2313,564,5033,7969,6541,5199,6872,872,7647,6405,2543,9308,278,
122,85,6985,863,8075,7844,4242,423,7911,5799,4396,1887,5568,8287,5352,2979,9032,6294,5583,6899,6383,20,9257,468,5438,435,8616,6629,4402,1003,4179,1960,624,7607,7668,9450,8499,7785,2955,4063,2709,8869,7592,9532,5447,667,3898,5603,7333,6281,4192,821,8438,2981,5388,4083,6723,6394,697,9195,6559,6104,2429,9980,2342,5182,105,3930,5158,901,1965,1682,3769,753,9772,2523,3972,7357,7717,6309,8758,2267,5910,513,2298,6838,7850,9259,9732,3116,5864,7373,4233,2057,3319,4127,6440,9003,8069,8304,2801,7702,448,6532,389,2473,1150,324,1419,3823,9866,4552,9129,362,6576,2786,8835,3795,3620,4743,1263,491,1584,
98,7254,7534,4928,7270,7238,8536,3021,1953,194,2244,2412,8343,6046,6080,2556,8003,8719,314,1269,9599,4594,8551,5114,6025,1487,957,1975,4390,4406,156,5997,1309,1736,1701,2354,6475,30,7996,4197,9804,2837,684,8314,6907,5434,9101,8057,7126,4164,4092,3851,9659,5774,5976,1332,1481,5395,6412,2856,7998,6314,9578,477,416,3066,9266,4584,4882,4907,3053,4189,5673,7168,1429,6054,2967,1264,7299,929,910,9790,7230,5400,39,4807,220,5873,4214,6533,6584,2232,1979,1795,2396,501,7237,3555,6684,
124,1010,9132,747,9407,4502,7771,6470,5034,8079,175,4307,8102,3917,7583,299,167,1140,2241,9324,1729,6320,1668,6590,4154,6703,6858,7374,7007,2084,1743,5820,8201,9997,7737,6974,9852,9792,4461,915,897,1043,6566,3246,9359,4382,4445,7500,2392,2587,8960,892,5127,6410,6223,4808,8948,9140,907,3543,5477,6429,4125,1558,1727,2118,9006,8878,281,5582,556,5993,766,8736,2294,9263,2356,3215,5165,8738,7336,3986,2095,4546,7869,1497,7042,6651,8073,5343,5671,1499,7788,1462,7065,475,5292,3861,3662,3761,5647,6215,93,8608,5634,9209,6550,7140,1850,7769,8540,908,7310,160,7209,5243,4764,5045,6315,2577,578,5834,6255,5842,7124,
142,87,6074,2717,9957,8266,7762,1342,8773,2870,5920,5871,1479,8541,4403,3161,7239,4144,7305,9363,8193,7817,5810,4640,8229,795,5486,4282,1177,1653,4758,6310,6352,6784,6916,8259,5637,4627,4256,5636,1603,7228,6799,5759,592,3480,2764,3027,4159,343,5028,9089,3613,3249,190,150,9433,948,8117,942,4710,7019,106,5105,4593,7638,8160,3259,5822,1058,5786,5195,7043,8155,2869,3200,4849,6220,2139,820,9567,903,5559,2332,1380,4280,2273,6336,6433,8428,8607,2851,2352,5200,3048,3711,8309,6488,440,2202,2389,5787,8496,9133,8418,7147,5281,7187,1397,1172,332,7300,532,8407,8031,6938,5258,9791,4120,2898,6056,9871,4688,7750,1173,2235,3733,3392,7680,8471,9623,8182,4691,3302,8369,2209,4193,1984,8932,3294,3814,5139,8376,
91,9518,790,5628,787,3273,3404,7409,9135,4969,9519,7624,6102,5284,8010,4045,8983,4588,4816,982,7236,4033,5491,6188,2621,7157,7091,4318,1111,7506,5704,6274,4031,6038,9986,6562,8527,4690,8235,8382,8142,5939,771,2496,4184,3354,9644,486,1716,9092,8645,2401,319,716,6408,6160,2195,9328,9477,3363,2968,9979,780,6547,2220,115,1791,2889,5689,3089,9172,9708,1970,42,9060,3465,9920,6507,8699,4331,9811,5350,1253,4363,36,974,3805,4141,3312,6131,7880,1892,
131,9987,534,4872,7775,9004,926,8232,5913,8126,1447,3214,8901,9200,8041,5123,5715,4255,2841,9041,1944,5444,4713,1798,8804,2978,3677,9923,3034,9667,7331,6293,6811,5973,7252,7099,8792,4913,8611,7913,312,5950,3213,6835,9933,3643,6689,9153,3421,2219,6844,4746,9942,6482,5558,3859,4576,1835,1920,8836,831,4453,6291,6588,3015,2977,9775,1295,7570,3655,7842,2742,4525,3314,9595,7353,512,6229,6061,8945,1436,9356,251,9442,7665,7071,8311,7103,5813,8851,8572,3291,59,939,6863,6345,3219,6700,5700,4484,9883,1094,7912,1571,8502,5102,8472,8776,528,2337,8440,378,8306,1104,5482,6177,8981,8865,5723,6886,5792,3024,8707,3877,9785,2021,8706,2954,9846,8175,4673,8727,
118,6644,6492,3897,1521,3067,6655,9017,447,7146,9461,6563,4248,9546,5407,3758,8550,6675,3488,2970,9107,5741,5365,2284,3058,9528,7249,9789,5629,9993,9870,3188,15,5925,3417,5230,7634,7749,5206,3494,8822,8592,1476,8244,5929,6246,5248,1288,3070,4739,966,5719,9065,8341,5732,8641,8410,5843,1431,7631,5841,8597,8518,9580,846,7630,2446,1739,1154,5849,7256,6084,9271,3044,1721,8711,3532,6810,5858,2862,5005,7136,8893,9081,6201,3700,2855,5039,4104,5263,5867,4006,7362,8138,4008,9781,4208,2910,5372,235,3495,1496,9037,9858,1323,3731,1234,5780,6271,5169,3577,3580,7904,5927,7005,3338,7038,662,9422,
98,4821,3729,1541,7297,96,4731,2760,7051,9035,4851,6826,2766,7597,8752,6364,7613,1483,9300,9472,8317,7752,6880,4512,3375,9594,8794,1964,5768,9541,7695,6175,5588,9761,2360,8359,420,2135,2971,909,7246,5394,4221,8248,5461,6389,7311,3650,37,6856,3668,3976,7206,1254,7888,7767,9161,9227,3026,5958,1208,7957,6939,2549,331,4117,1754,754,4960,2675,8708,5638,1762,2922,8209,692,4082,3982,8891,6137,6149,6539,8110,2472,4128,4230,4,9801,216,3615,6146,7296,8482,8181,4917,8356,9113,2320,5304,
124,470,6893,7554,6035,4465,6755,3778,8817,4858,9856,755,6022,7979,3875,6214,854,7020,8559,4533,5847,393,7213,4964,6237,3956,5585,1133,758,3720,6324,8002,354,8360,6471,4590,5626,4707,5066,6400,8753,7420,2976,238,8221,4709,5255,6432,1327,5601,7234,2410,322,2075,1131,9148,3521,5805,856,1941,228,3775,4328,6599,2572,1049,5561,2768,5890,5277,6331,1138,6741,9492,3011,5387,606,6370,2017,6456,7184,183,66,7061,6902,6127,8732,230,7601,2183,5379,2100,6030,8447,1580,315,2593,2876,8379,1389,2894,9023,782,6575,1186,7241,1329,6182,9177,8873,599,3005,3483,7805,8337,4099,2918,2775,5285,8149,3682,8392,1176,5579,5928,
91,7258,9128,9064,3787,7067,4871,4980,4466,3386,9521,1165,9478,3645,2727,2611,4891,9805,4855,8042,9468,6241,958,2610,2986,9375,3567,1106,6386,7985,1978,2943,6021,2486,1693,8503,756,913,4114,6666,4506,7098,5604,898,4696,8917,9197,6452,3282,1240,5703,3460,3674,305,4448,8826,3409,6282,5693,4717,1854,6032,212,2361,6252,3513,4562,5177,5312,4592,1039,309,5791,1113,786,6553,5410,3609,6598,8860,5464,6501,4073,9249,893,8416,3665,8757,2248,9830,8227,4803,
104,4376,7431,2421,916,6316,3041,880,3585,960,9001,7778,4635,9758,9479,6411,6643,367,107,4254,2029,4752,508,3918,5818,2275,7697,1796,4411,6096,1969,6934,1525,1074,203,8081,8762,7556,5479,5627,8594,6017,7201,5783,5334,1402,7548,7730,8455,6269,739,6573,5453,7485,3679,5553,5061,6815,3915,8103,7113,3345,4458,3337,2687,8018,6779,5249,9434,8968,4364,6614,6185,2163,8692,9666,7519,1891,3112,3737,417,5116,7851,3109,1215,3191,4962,6211,8970,5176,1937,1827,1167,1805,2620,809,8,941,8468,8751,2103,9110,9776,7443,3526,
135,1629,7165,9681,6485,4151,2198,7100,7251,5470,4811,8988,1219,4479,2197,8520,5992,1943,7793,5216,981,725,4267,8886,8078,588,3152,9779,3836,3672,3771,3993,682,5287,2529,3691,5979,3018,2243,715,5098,8402,5324,8481,8918,7803,7289,6287,3193,4223,836,1622,6734,807,7194,2125,4052,7150,4630,4035,202,2711,4138,4425,5208,7454,2881,9603,4659,987,2821,8308,9545,1062,5510,615,4974,3799,4527,6133,6981,5690,6605,6673,8899,4480,6059,6990,2430,7502,4171,5471,8291,8885,7584,7625,6763,830,8414,6798,8761,8834,142,6414,6128,4050,3295,4632,7690,8951,4317,995,8930,6681,153,2575,4241,8490,8148,9333,2645,5489,4671,5147,9902,1636,4018,3979,5943,3902,5250,5935,6870,7312,459,5468,
82,4229,3050,6390,572,6071,7154,1916,6261,3224,5609,6124,6830,1809,6277,2958,2447,9674,7692,3687,5580,8726,6033,2225,6016,9373,521,3540,4900,3103,1421,3822,3638,5728,7088,8348,7739,222,2944,64,1889,1258,4534,5431,8801,7720,9919,1843,5517,3796,6788,5870,4777,5505,2160,8650,7470,6495,4749,5115,9653,4860,7917,4683,6850,5488,1386,9634,9863,5691,8301,7652,4467,9377,6413,2174,323,4224,7461,8066,3652,2375,3763,
99,5598,5440,7130,5000,5986,5684,1435,3062,467,6228,894,8276,8993,5807,5085,9611,873,2776,6922,681,6817,654,1425,6615,8450,1500,3788,5876,9650,1123,2148,4878,2902,397,2528,3000,3317,5023,7284,9352,2737,8338,7981,3484,5825,3343,4722,9310,5029,7894,3280,3675,1915,8660,2673,14,4975,2533,4499,4513,4371,7075,6894,2808,1750,5545,5291,2695,7980,2868,2871,622,6999,8539,2767,9839,1651,9756,8705,4037,799,3747,5982,1097,4043,2834,3149,2450,7179,9929,885,1115,2864,10,3529,8715,40,4929,9844,
138,6158,6719,2106,1372,2011,4276,9189,9829,2088,1290,1404,2082,6861,2461,6297,7220,5288,545,3688,4692,3634,6045,4985,3336,4667,8512,1129,7649,5184,9726,2372,1830,5174,2281,6098,1919,1472,8583,4155,896,3734,3548,9397,152,6783,4086,5706,577,5863,3260,5682,9531,4530,4395,671,6353,7410,6376,6823,839,9613,1691,6661,7923,111,5172,1985,5838,3819,7563,5160,1450,2599,1088,5888,4314,7693,6945,6671,724,3040,6195,5063,337,2726,520,2117,9376,4674,4106,8389,2216,1235,6170,3947,3351,2899,283,3166,3879,7250,1997,2414,223,198,1820,3958,21,3685,5211,6427,1053,5907,8351,607,2521,3389,5966,8095,1780,3271,4046,5188,1734,2169,2457,56,708,3608,818,5508,5697,7661,2437,9296,7948,5090,3785,
111,2405,9502,2213,6295,7727,8171,6398,2824,9741,4784,1422,3872,443,5620,2847,1434,6514,2314,2022,7108,3130,8957,3835,4918,9370,1692,7581,1894,3612,709,7303,7189,9425,7003,4428,3167,3326,7618,8815,6342,7599,1187,8030,2286,8980,1387,6859,8262,7464,52,3450,3640,6023,5674,8074,3952,9159,4699,1414,3322,8170,6991,9632,2471,8895,5622,6209,3865,4729,146,8156,7365,6616,7783,1188,1532,3373,9396,8852,4946,8920,9564,7272,3136,2044,8760,4039,8217,8764,9191,2937,8698,5415,5722,7636,7676,6866,4885,8157,4355,9093,428,2584,952,1398,2555,7559,487,9075,7281,8827,
81,7694,5650,9193,2811,4398,7244,4017,1591,8900,9727,4514,6010,426,338,992,3082,4638,2083,6210,1888,6009,8500,5615,6457,7505,9066,6333,5046,8161,9211,3006,8023,3227,6592,7456,221,4902,1256,3514,6947,1909,1132,1401,1230,2606,3648,8088,8929,4111,8799,2559,4976,1469,6524,8680,6154,8417,4979,6678,7474,9230,4340,1273,8395,2120,6506,4240,2763,4300,6649,9421,536,4922,1025,6284,4002,3323,7114,7619,1082,3061,
94,4529,9855,5376,6622,2690,6365,6982,1810,1907,4213,8460,3476,636,9935,2191,6478,4455,4301,8833,9879,9589,5106,6595,8513,8670,2258,2892,7977,154,1536,7632,7854,5765,931,8098,8746,4750,978,2806,4864,2300,1735,2693,7701,5021,1124,496,1480,4321,9456,6634,2112,6497,8889,619,4061,1181,1769,8910,3079,1832,4609,7089,9314,7537,8558,6172,8178,9399,3192,4040,1797,1331,1485,7824,9524,3666,5054,7416,430,8546,7839,968,1559,3370,8072,5197,22,2115,594,57,7090,8373,6677,