13,8890,7677,7422,9270,5134,1057,8545,232,8450,9183,155,3432,3689,
35,8773,9436,1111,956,6836,2661,4767,5704,5187,1920,7627,816,6326,1493,887,7879,6389,6863,7711,3953,3374,569,2918,5421,9946,1954,2063,3516,3996,1373,8944,4589,8240,5917,2620,
15,7013,6910,1491,6746,1710,4104,9838,6367,1871,3454,2958,7081,399,7179,4329,
13,2384,5856,3622,5712,9992,3453,5837,3798,199,402,7626,6332,5969,
38,8670,8784,4247,6677,8973,2972,6909,7078,2537,433,2033,813,1352,3704,7924,4098,7231,114,7914,6681,217,3446,9244,1769,5278,334,5164,179,4166,7488,5053,8975,1572,637,911,8404,451,8119,
38,4679,872,7087,163,4337,366,3716,274,2197,4926,7725,7869,4281,6999,504,8372,8137,9119,6817,6453,6087,6010,3125,455,7641,9876,4545,1244,3984,2185,2224,1254,3378,7681,2521,4393,1653,757,
15,719,39,7692,1565,4981,8799,9576,8300,1504,5779,3667,5083,8896,4870,9456,
73,6252,6200,380,175,348,5557,4532,9319,4117,2477,2959,8492,5878,9435,8851,3918,3948,4638,8651,6945,5732,745,1112,9973,3548,9984,5056,2394,341,1180,752,259,7639,8442,8165,4151,2046,3448,6249,8658,2608,1890,3943,2372,8966,7863,3324,7904,535,5010,5293,7235,1976,7589,2964,3619,1858,5173,6595,1569,1452,2650,8178,8002,632,2770,980,2307,60,3458,8942,2862,8594,
21,1135,9306,7934,8190,7686,9769,5757,7392,979,8291,5525,5835,5076,3232,9547,9185,9962,6061,260,4198,6527,
15,1178,9346,1467,9669,7032,6731,4216,9808,5122,8278,4177,5348,556,472,5404,
6,7109,1922,9271,3703,4670,3702,
3,563,7453,8433,
78,3654,8832,4910,6141,3875,8198,4643,8801,6985,9151,5794,8830,867,3879,3461,7344,7205,1502,5534,880,2306,6778,9647,237,1253,6709,8811,5353,1957,2237,2844,7132,331,6653,6627,4860,2933,3887,8221,3020,6349,2032,9770,962,1987,9635,2815,9885,5030,7042,7625,9227,4891,4473,1212,5665,5884,5865,2868,307,1360,3380,9749,9329,4156,7138,7311,2441,2103,1574,5817,9525,8321,4338,295,2276,5538,4023,
34,6031,9418,2529,1938,9465,3526,6487,2794,2257,9317,6964,7338,3480,1619,383,8429,6613,5311,1549,1437,7489,9956,5841,900,4445,6700,3589,6675,9390,9215,8874,7133,8301,8499,
6,7468,266,4249,2710,928,9824,
81,7227,1221,7457,9045,3584,5112,9681,9722,3159,1402,3537,6897,2644,8672,5574,1034,9924,2068,9665,9907,2687,6083,8399,1039,2012,1656,5725,5129,1566,5420,3142,440,9585,4612,8491,5871,721,7096,5897,5754,3536,4553,8352,136,5735,2096,7878,4931,8633,1213,2697,5850,9399,4157,2993,207,9677,5416,7404,4269,7343,1905,1495,4363,9906,7983,9577,9990,7058,9915,5410,9034,7289,1210,1708,7219,4886,8908,562,7820,9476,
10,2418,9477,5289,7764,4331,7080,1423,5004,1032,7025,
19,3578,5679,5913,6387,6163,8539,1266,578,1328,6089,1711,3323,7254,3089,5105,6075,4998,9793,2669,
12,9121,4815,9538,1494,9104,2568,622,2186,8355,6617,1351,1284,
3,2015,8546,8253,
25,6321,5751,8128,4713,9685,5756,3991,4555,8285,9983,2633,1538,3847,6572,1671,5482,4853,5315,8649,4030,6530,3759,135,8224,4082,
27,9550,3325,9806,435,5426,4546,645,4099,8827,8077,2299,3297,558,3075,5795,8706,8495,6754,7755,8186,5671,9542,5469,294,4460,5625,9049,
17,6403,7383,5272,5741,8151,4945,192,4896,5630,6335,1846,7029,8755,5687,2258,5470,5147,
115,7716,419,8864,2402,3905,370,8933,2025,7971,9933,5261,7775,7291,4190,3916,414,5216,7652,2575,7158,7886,8570,712,3242,2149,7618,324,6049,6118,6837,4134,7821,5462,1287,2895,5431,8482,5839,9745,7530,221,197,5609,7752,3609,4564,4067,3093,9383,4118,2502,1614,2595,3671,5485,2998,2499,548,1699,8825,1837,9831,247,3559,4909,8053,3525,9061,9176,4332,5688,2564,5264,2750,2165,3883,9013,7593,7565,3440,859,4923,9277,2221,2200,7527,2618,8120,2628,3238,638,5077,6193,1892,2117,635,4041,1823,6439,939,8744,8377,4922,9536,6997,3087,7566,325,2208,9196,2170,4186,2508,5399,2090,
101,2176,1835,5920,4205,1245,2383,6738,3332,5347,2768,3757,6996,4824,106,3401,125,6938,5038,7523,2014,1754,8805,4632,7734,9826,347,1391,4009,2034,9221,3486,8460,8931,5595,3280,8417,4680,4252,9007,7244,7074,3518,2730,471,8885,2773,6371,4218,4220,56,9004,3533,9849,7496,662,8507,5661,1446,7472,4757,2968,7251,7288,9178,1636,7833,8877,3954,7881,4189,4488,5931,321,8001,4268,3922,3279,5659,6339,1677,7163,5504,3080,6667,5848,4446,49,8174,7834,4197,5275,2816,6524,868,1972,9472,8980,480,4348,2659,5592,
39,8758,6515,2454,78,4993,9332,8538,8139,9764,3850,8430,8862,1952,2196,9184,9714,73,5508,836,1473,7673,6093,6051,6626,8716,3012,7304,6368,1174,3985,5362,7160,5987,9025,5760,2839,5606,3745,5423,
16,8227,846,1884,8072,9620,7701,1248,1963,3865,847,9295,5329,1068,9528,2533,9359,
3,7913,6293,8402,
14,9913,3230,7233,5750,7801,6105,5845,5768,3106,9663,3898,3002,4676,7600,
15,3647,6132,1346,9015,4703,6896,3462,3251,4645,1431,3691,4345,2913,9469,1159,
73,3321,5955,6729,1553,4907,5182,8901,7010,4605,9116,9190,4136,624,6703,1779,6800,126,6416,8010,7815,8663,8920,2719,8305,7959,7517,4364,2475,9942,6844,1347,6795,3255,1641,3010,2666,7758,6127,5157,5461,9739,9829,2134,750,8959,1086,2530,8122,7943,418,8078,9290,9374,9854,3631,2764,5524,8480,3115,8519,6084,5029,7539,7766,431,8371,3032,5672,1547,6364,5438,8569,840,
3,1105,6647,3491,
3,8878,1143,4559,
3,311,2171,4301,
15,6039,6548,6305,9731,1729,8042,506,2352,843,1121,728,572,2754,7250,4736,
14,4829,799,9526,2399,1271,5995,916,8173,9152,2525,3919,1469,279,6129,
10,7948,7209,6615,4938,4003,4712,2209,9234,2590,6753,
8,9449,7075,3835,3658,4541,4517,3670,3890,
20,5991,2673,9513,3901,193,6885,4594,2599,9784,5569,2729,8160,6925,9652,3650,5352,8695,3873,2688,2528,
21,5649,9613,1593,1372,6922,513,4028,5713,422,6784,2464,507,7691,8263,7579,5391,2899,2497,6366,9570,6583,
22,7325,2551,2657,7794,8188,3852,8125,6894,3152,7076,3909,2716,9760,6145,2136,1623,5728,598,5591,1147,7054,4530,
2,8184,2758,
4,8578,8111,1898,5175,
6,3202,5486,473,5552,2052,1789,
2,7862,1844,
7,8965,137,1908,8955,2072,9127,1676,
5,9459,4224,8820,9980,9985,
12,3358,6172,2240,4245,1752,8590,1783,9228,2128,7274,5140,5968,
2,3708,1695,
80,549,1794,3068,3435,4282,1223,3885,8831,9395,8564,1012,8833,3570,3342,2947,3061,6137,7982,177,2309,8428,7887,7797,5863,806,9949,5492,6986,7413,301,291,6589,6759,4442,9646,2120,1486,5677,5912,3250,1906,4570,8322,4492,7100,2638,4273,2876,3277,8900,3492,8666,8392,706,710,5370,4490,8195,1091,1043,4120,265,7751,1558,8905,4484,5434,170,7049,5575,234,2606,9690,6507,4305,557,5266,4018,1038,391,
10,8967,8486,5457,6672,1387,3340,2174,8988,3233,1709,
42,2735,7463,8149,9851,3891,4115,6652,2781,6279,5263,2260,9815,4072,4128,7066,5262,4515,4758,3940,4851,8922,3382,6254,4889,4155,3353,725,2403,8899,46,5487,4950,1289,7354,1836,228,2317,1782,6095,3744,2871,5254,
30,1192,1109,1250,660,4285,5892,4035,5009,9033,3124,5219,3930,6785,8668,2950,6683,6790,6071,4975,3499,7963,5085,4201,434,6619,9908,158,9755,3186,3367,
65,9927,6245,7703,5590,8362,2044,7942,765,809,261,6040,7895,4934,7199,6027,4290,6543,7520,4995,2685,9157,6140,681,238,201,2195,6211,5781,3095,4837,2460,834,1036,1144,2833,9883,2943,8097,8893,6300,8332,4540,3762,6918,8818,4790,7008,1082,6632,4883,6011,749,1120,5456,6533,8897,9766,1958,4271,2824,9334,9931,2252,1288,7509,
52,5480,9139,5380,2984,7130,3599,3372,5807,1934,427,555,2028,5521,1728,9415,6979,3304,5121,7803,7068,8048,7836,5828,1087,2070,3737,5248,5048,2627,5859,7290,8260,5159,4103,4759,2225,2098,2148,2002,5501,3287,4568,4741,2579,8528,3586,9792,2493,443,2361,1602,2038,
12,7575,9394,8023,1521,7811,2198,6042,9629,275,1508,4069,3507,
67,4948,3104,2696,7171,6942,6523,9303,7763,1879,6116,3141,1471,8691,1338,2955,6359,4512,5651,4334,2256,4398,3979,1448,2506,4148,486,9500,2994,4774,793,7852,8709,6666,7170,5322,6214,7084,5560,1398,2689,2987,2976,2550,9323,6229,8552,5666,5842,6154,1149,464,6687,5587,304,5020,9567,3637,6241,1813,6650,2845,644,9326,818,1261,58,9312,
19,6912,1433,5382,8932,2386,5210,967,5094,5116,5952,839,7333,4482,2155,3787,7410,6521,8424,1439,
21,2573,7648,889,5802,4746,2205,2667,4107,7747,5114,9352,6180,9858,4831,5165,2199,8315,9807,8223,9124,240,
18,5983,8854,4293,1518,744,3495,4690,9496,6605,3574,1042,4085,1647,8103,8873,5006,4217,8632,
29,768,1773,7116,9466,7211,4966,6757,7245,4749,5356,320,7000,3785,688,1666,6798,3479,6383,8514,7082,7449,4999,8604,8500,547,4102,7765,4963,2481,
39,3608,742,5628,1527,922,691,1193,5620,2622,3510,7912,1681,8148,9224,4093,9948,612,9801,3682,4449,2778,701,7868,5610,3639,5088,6429,4480,9047,4823,82,8948,6470,9391,6723,5454,9860,2175,2363,
11,2718,3424,3772,2791,9987,230,7857,1733,5520,1668,8788,
4,6377,9128,7609,174,
2,2297,8563,
45,7804,6248,3974,1297,9278,1561,6251,6169,9884,9299,6253,7072,2668,4527,2743,4616,4609,2630,4647,3183,4413,28,866,8317,4146,1673,3694,9997,3355,1991,7859,2965,2458,3192,4859,855,9486,4897,4904,6576,8490,8327,1633,4678,2487,
2,666,4138,
4,3580,610,6206,1555,
2,3147,6463,
33,306,3316,1768,6452,6033,6264,6006,2956,8496,8004,1058,335,7200,3635,7939,8208,3823,9036,8537,2514,3674,1759,7213,829,145,6130,3379,429,8381,2749,3661,2707,218,
19,4887,4932,7638,2040,8466,453,8584,6282,1988,7292,9275,9524,3806,2290,2405,727,6231,9978,4419,
23,7957,4066,4112,6809,2453,8806,2467,8257,918,8682,2016,2977,4092,6940,6149,1965,2274,4131,6091,7715,3582,4974,6090,
2,8711,3225,
5,8088,7829,5222,1536,9910,
3,3090,7108,4523,
43,476,826,817,9889,2398,7790,8749,4903,7550,8416,7890,2567,2832,6972,8288,9098,1807,7497,6109,340,4254,2672,2703,9197,7480,3343,8834,5617,6651,1925,5247,4456,6611,8634,7896,4752,416,679,6968,4785,4459,7642,5811,
24,1560,6662,3188,5089,3122,1724,862,7062,7006,8465,9991,3933,695,7511,7139,5509,2289,8517,9552,2858,9700,8461,6701,6518,
2,1803,9954,
7,1209,3539,227,3726,7805,4037,3824,
16,9313,8192,4801,9799,1839,698,8135,2756,514,3912,6469,9367,5660,9822,7651,368,
42,5091,543,8987,7699,3763,7327,3331,8961,1196,4389,3810,7817,7339,4533,1463,6344,5271,9982,8924,3018,1916,9096,2906,7592,5258,8358,2655,8810,4230,436,1812,3019,4375,898,8234,1936,4862,5022,9427,4284,5342,3298,
28,4027,9870,5183,5221,1461,1388,6682,367,3166,6549,4576,7107,2674,7435,6937,1567,7786,6797,4313,7541,9379,8045,5378,3011,3241,8117,2503,8929,
17,4796,4081,8005,6773,810,9562,3766,6301,6373,3268,7423,5170,1544,75,4265,6310,2593,
41,8071,2882,4135,7417,8127,7414,4798,2990,4477,6408,9108,771,9440,4505,2532,6174,6823,8026,4621,4294,5229,6510,2789,8729,5820,4797,5703,9541,631,6007,8488,7818,3344,4994,7052,3388,7713,7146,1035,8454,5840,
42,5934,7499,7320,2106,2937,9485,3859,3154,6932,3843,877,2417,9018,8254,1781,8937,2381,9634,94,2700,5330,9230,7560,2517,4551,6599,317,959,9905,9008,1116,2870,4231,3728,1014,139,3641,6088,2679,3642,8076,6600,
32,4011,9276,5082,6120,3989,2424,6888,9512,6669,686,6620,4786,5103,5999,4893,7060,9892,5670,6225,8969,1197,6108,5357,7970,4780,9105,1155,7806,7469,9437,1859,9048,
75,364,1263,4031,4642,4195,575,2479,1996,2640,6747,3421,9578,6353,5156,9381,5475,2801,3822,4856,2877,9340,3062,7544,7027,2723,7932,3198,1172,1011,4479,8880,2019,2010,4779,9599,2886,1019,9211,3464,690,748,3994,4040,5618,5432,1304,4324,4298,5435,9781,3264,4193,1300,5078,4292,7168,9439,3914,731,8723,4095,6153,6993,1825,5873,1277,603,6870,7559,3812,3218,2786,3987,7302,913,
13,3055,2288,5642,5079,5196,5061,4809,4960,5039,6926,7063,503,4949,
23,1874,3986,9042,4153,1500,4366,6268,1198,4607,4443,1804,1466,1316,1977,1417,7875,5007,6705,8164,3363,8752,2057,3296,
20,6745,6762,2711,5087,7493,1102,196,15,4698,9462,6716,3139,4985,7403,4858,256,118,6369,253,4065,
21,9483,1584,1110,9554,4489,5870,3915,7675,121,4524,5843,9812,8911,17,891,1049,8387,2262,3144,9051,6018,
2,5332,5903,
3,8306,786,2359,
2,499,4469,
6,4411,2731,2000,382,7926,5071,
21,6879,9929,1997,7916,6946,4113,4125,1716,5567,4947,2179,3747,9237,7573,3127,9163,7549,6215,9385,446,6311,
41,1040,8698,3632,7438,2907,2180,2216,6566,2355,7513,7682,2241,7446,8745,3135,5981,732,4101,9687,9682,152,3538,7330,9844,9310,9242,551,1382,388,8732,264,6936,4367,1490,8790,9279,111,2437,2643,5204,8114,
2,873,8605,
3,1269,8073,9287,
2,7355,5780,
10,9925,1738,2885,5566,9923,1592,6414,2017,6678,9055,
19,4435,1447,8207,6927,8951,8548,122,2745,7298,4323,34,9268,692,1053,4106,6928,7178,9762,5059,
5,3381,5858,6562,1582,7482,
27,9563,9019,1151,7067,8383,5135,1766,5327,3577,5349,3587,3597,134,6899,3742,7336,1291,7697,4149,2985,1292,5752,9266,9154,3809,3265,7239,
2,7347,9377,
2,7346,5444,
2,4467,3709,
86,7444,1873,697,7334,9633,9508,7870,8297,1686,5619,357,7608,1179,1175,8660,2364,5528,7155,8977,3610,7925,1832,4382,4917,6017,1712,8846,2161,5389,3465,6830,4287,4199,5927,3434,879,8197,5058,4236,1419,298,1085,1928,6257,8255,1570,7221,1579,3504,8762,3229,4451,831,6104,4286,9639,8331,6840,3347,8618,6074,3284,3902,343,6250,1115,5896,6775,9736,392,7011,8154,9673,3819,6444,8098,7283,7039,4750,4378,3484,5697,7617,971,9309,4795,
16,1208,249,7635,1918,6947,3649,1556,6951,3194,6372,7495,9016,6906,2333,3935,1626,
2,3291,233,
27,9864,1949,9511,8694,1912,7558,6818,2663,4147,3169,9471,9571,4073,1850,1762,8743,9689,8474,1028,2721,4791,404,2980,2807,8145,1126,8330,
13,8292,3743,8447,6582,7456,6571,1416,7047,1651,6325,8776,3320,5578,
2,3362,3751,
22,1273,7799,8892,4455,169,1142,7808,5875,541,9651,9708,8068,8014,5290,8341,3864,8478,4534,3551,5209,5869,3288,
28,4078,5402,9845,225,1986,9654,300,8653,9574,1524,9809,161,3583,9859,1852,4050,5240,8143,7361,8530,8470,1451,6622,9445,9655,7275,7046,1018,
68,6381,8968,3509,2242,7328,53,2369,5980,4468,9041,5813,2522,7788,4403,2423,6948,9493,8385,6781,5319,1616,9423,4620,4000,9600,2411,8913,7899,9648,3558,148,5531,3335,7192,4142,7700,1327,8265,8964,8778,3422,7093,9614,5731,8884,70,6185,4641,7391,2450,7264,1951,3727,4124,626,4013,9311,7223,5149,9850,7,3274,3569,8091,8171,2671,3153,5398,
40,5441,4263,8353,4053,7411,6184,9678,3777,2452,7308,509,6671,7919,9122,7607,8678,9529,407,3695,2474,8095,9551,1187,2775,7995,3131,7385,3179,7144,2698,6769,6230,1642,251,7898,3872,5819,6124,6955,1808,
20,5245,8739,1081,6201,3740,7194,6283,9969,1203,3428,7883,8388,7447,2367,1847,4272,2027,1506,1953,1751,
68,1194,1177,8379,9934,2927,6450,4426,643,4686,7610,4549,3231,7588,1459,5530,1612,6727,6094,7071,9085,1265,3315,1933,6564,184,6673,4669,2425,3171,2624,9994,3677,885,1895,6166,6988,8061,466,8522,5203,9200,8515,2301,8409,4977,6895,6585,9818,3535,9308,675,1128,1285,3134,6295,5652,3679,5274,2609,7154,5130,1258,3730,7261,3613,8238,8057,3711,
42,474,2296,4833,802,9790,1587,3862,1667,6008,1741,3748,4250,1098,397,5650,8471,6581,8403,1182,3794,4407,7425,5484,9583,1485,972,5231,80,1188,7966,2549,6646,1749,8741,9074,5277,1361,4172,8895,4735,2922,2269,
2,9349,4317,
2,4717,5226,
26,7657,583,8262,550,5695,4656,5777,8826,6196,5045,8844,5217,6106,7055,2726,4061,2863,9540,4763,1107,1680,9069,2853,7105,4399,8046,
29,6541,7810,4720,3129,8856,6119,3795,1215,146,7226,7984,7647,8984,9694,6719,8593,3164,8049,1679,4322,6838,882,2471,3079,5102,4340,7658,5365,7773,
16,1867,6961,7553,9625,9429,6333,1721,6638,3699,2600,2670,2916,3907,3007,2190,1027,
3,1376,4039,5985,
26,8102,3236,5049,8274,7193,6814,6722,3686,4291,8903,1393,5360,2401,9458,1889,9089,5656,4356,6525,2378,1099,9893,4465,576,1270,3705,
11,7464,6850,9272,4496,5393,1449,6648,1498,9602,2535,2265,
15,3693,5491,3329,1503,6438,8989,3364,4021,9370,3205,7712,9778,3851,9321,498,
14,1381,9779,2375,1050,120,4491,2694,3842,7363,9899,37,2884,2804,8596,
2,4352,1563,
15,5018,1005,8055,5719,1627,2787,4485,8225,711,2648,7394,3083,6102,5702,1246,
2,1002,2660,
17,6822,4307,7398,3067,5887,1660,5818,4819,305,8673,6820,8390,8248,9584,4202,7827,5742,
23,1992,3239,6053,8614,502,6379,128,6865,3753,7301,4499,1470,8798,5120,4770,658,5167,8161,1827,10,2892,5738,634,
25,5717,2313,4196,3375,6825,8485,9194,6811,442,5724,989,2483,1743,6114,5321,2344,6352,8060,213,6224,7258,8608,3385,6207,4390,
24,7119,7114,8189,4704,1568,6519,1348,5442,8033,3765,1628,7197,1597,9774,3266,7086,7360,9724,1790,67,851,3813,2584,384,
23,3371,8950,210,856,6476,8585,7490,9671,7562,5323,608,1876,8252,6134,6309,4571,4342,7505,6604,3219,4708,1405,1016,
34,4309,9393,1784,6004,9846,9680,5507,5816,5017,9968,4119,933,1590,7547,1571,2792,7500,5026,8472,2088,5288,988,850,8144,9587,5772,2125,1442,6845,4226,5940,6950,8829,4325,
11,7952,1414,9495,4659,102,8434,6579,2167,2173,2766,8553,
50,6466,6815,5227,4705,6430,3475,2737,6625,9548,5632,870,6131,4804,8763,1875,8662,8687,6043,5255,5452,6036,2560,8511,6486,5104,7672,9509,9501,3683,2194,281,6394,4162,9767,4976,9162,2701,7484,3718,8592,4418,1522,4518,2259,4702,8405,5515,7718,6194,807,
15,4214,5218,2566,7451,8882,3721,8945,779,2415,5464,5308,5838,8510,5403,2939,
24,7561,7186,6634,206,7263,1755,7535,9628,3839,8573,2482,8261,9209,1048,6699,6085,5849,9941,27,7510,8432,2232,2971,9740,
34,4520,379,1252,7567,8970,2119,2246,9444,512,9403,7571,6468,602,8058,5397,8479,3376,4864,3070,255,8561,5098,4731,6847,2728,651,2463,1659,5978,9955,579,6573,6612,7059,
10,5868,3245,8464,8803,1942,2601,5143,9022,7730,8245,
22,5371,8953,5879,8918,3621,9026,7778,1428,537,3888,8772,8250,6497,490,2991,6704,6232,8524,9856,8056,539,2445,
13,7284,4213,2319,6601,3938,5675,4359,8294,1714,4238,5336,3308,7972,
27,5693,2828,9627,3017,9952,4895,8266,365,5495,9963,8909,2461,8926,6308,8081,8459,8665,3361,4409,1525,50,8852,2800,7306,9386,3725,9360,
13,1067,930,11,8906,9979,6406,8456,3554,7124,6347,2966,7930,7522,
2,4048,8599,
13,1319,6165,2979,9405,991,7599,3908,3590,9416,3502,4076,8052,4604,
3,7613,8976,6744,
11,9763,8440,9972,8093,6203,43,4163,52,4847,2111,773,
23,187,961,3579,6804,6307,4171,3541,1349,4969,6893,7874,4300,9292,2846,9950,6963,689,9879,699,4400,2903,508,3088,
29,3030,2009,1883,6265,378,4088,6280,342,9273,9481,3463,990,9421,65,4654,6713,2159,2248,7312,3016,9666,1429,1702,5479,8872,5733,3521,7367,9519,
32,5970,4094,4387,7430,5861,3133,5535,5539,832,3615,2235,4111,1914,7278,3216,516,6540,412,6262,6297,7212,8011,3389,6276,6658,2500,7492,4110,9064,413,1321,6610,
15,9044,6155,3494,219,3121,4001,6459,5793,7945,9324,2379,5681,1070,3917,835,
22,2695,9046,3696,5142,3724,246,8707,5950,7268,5363,1225,2490,3620,722,8923,5084,6766,5571,2373,7348,6919,7349,
55,3629,2920,5743,615,9981,2118,3370,6021,3829,3429,9077,9143,7616,7923,337,5107,2404,6178,9989,1130,1413,7910,5564,2003,2925,4765,386,6443,3143,7050,597,6236,7269,491,5131,787,6175,1611,8249,1517,2011,5177,1607,1826,3400,3327,4458,4820,4079,7368,5253,6748,764,7951,1573,
10,5324,4377,3276,935,6378,5032,4828,5050,874,180,
39,6412,9187,8786,1465,8686,2992,9156,2220,4854,7341,4279,9649,2614,857,3717,2228,7217,8410,1509,2856,3397,584,1444,5310,186,8531,8136,7326,3365,8544,7099,5379,1548,8985,2050,8606,5024,13,5296,
23,7070,55,6849,5744,6742,7477,4944,5238,6059,4045,405,3360,6312,2451,7498,3368,1477,9125,6733,3511,6915,8746,8422,
33,1146,9284,3487,6857,4014,1860,1746,3573,5962,9333,4595,1999,6243,9539,8258,4415,1657,9083,9788,6726,2066,890,4454,1063,1675,777,3306,8356,8598,8457,9998,3801,9489,
22,1757,157,2641,7975,6220,7172,3722,2805,285,4105,2264,4805,863,8688,2414,8228,6292,7007,2580,6953,963,7433,
18,9084,4536,6457,7585,3181,9179,1551,7440,8628,6009,7962,481,8437,4137,5133,215,9372,2486,
2,3193,4838,
24,568,2581,9804,4673,91,8631,1644,2315,4335,2558,6802,7145,9236,2462,1578,9208,1917,2085,5297,6431,5100,3004,8153,7432,
32,2061,7877,1251,6536,8588,6971,6188,6216,5783,3157,5040,6983,90,693,5136,1310,9612,7865,9408,9575,4096,6270,1505,5638,517,8307,7740,9727,77,6341,6440,6960,
48,5553,3939,9288,8101,4358,1275,290,9816,6054,9866,4497,4452,7531,4503,4472,9001,468,8853,7754,9285,9588,1806,7421,7835,3111,5883,3337,1088,3733,9117,2983,784,1982,1878,828,3791,9336,7252,1931,3026,4968,9294,336,2664,9304,5549,7968,4671,
14,1978,9935,1313,8484,3830,7406,4657,5766,8940,2654,3003,1617,8256,766,
17,3442,8559,271,9274,6920,2857,293,1872,6066,396,9355,7665,9718,2921,9742,5898,3207,
16,2519,7929,9996,9559,3605,156,8412,2082,7900,7384,4372,7570,7397,4629,6520,8276,
31,1023,3867,2515,8990,7668,4046,7629,3038,2062,8512,5498,6593,6980,8170,5168,1989,7195,819,4845,9062,5228,6866,1108,2759,1029,941,4743,1719,650,30,9530,
56,303,3025,6239,6101,730,7903,6480,8237,2835,6708,8324,8760,8656,7552,904,1241,3293,5246,9040,4952,8858,1793,4257,4598,31,2007,7152,4181,7992,6096,9891,5312,4116,9517,8866,1020,3302,7201,2544,3543,7606,5545,6505,587,131,86,8712,5874,3346,3069,9203,2318,4803,1425,8012,2563,
57,6663,8310,2603,6710,9720,5847,6460,4288,2725,1259,6664,9193,5657,2349,6568,3892,4728,2752,3488,488,4580,7844,7946,7597,8934,8215,1367,702,5977,3643,6976,1377,4133,8384,8467,4983,4700,8311,888,4354,4308,6433,2211,2152,5512,1185,4424,8069,9339,3522,1242,3969,9443,8350,6494,8669,2878,
11,2465,8477,1637,5090,483,3196,617,4109,3009,6771,6567,
11,6913,4648,5994,599,6455,9158,9300,2938,358,1260,5513,
20,1529,5901,3775,8816,951,8547,6565,5052,3498,924,3756,4730,5851,5763,2239,9598,6561,2891,931,8727,
6,6724,5881,3317,7190,100,5914,
30,4528,8842,7987,6272,3474,7619,22,827,520,1499,9337,9904,7653,7872,8912,9919,3874,6346,1649,5374,3178,6516,9155,2978,3419,5075,3876,673,6037,9914,
48,375,6269,1674,2520,5409,4924,897,663,2714,9658,7630,9410,9424,5541,6736,7738,7273,878,3391,1650,9853,4565,2932,1069,8513,3282,8600,5151,7885,5141,5759,9218,9653,5126,9643,5096,6147,7400,185,8919,8574,4567,7660,1849,4275,3627,5118,1216,
17,4379,6361,4761,8167,92,6898,2777,8821,9075,6970,841,2874,2154,9833,1236,4304,1821,
44,6198,1815,7428,9869,9164,3148,9138,7182,1576,5895,762,4054,2227,5232,6935,8710,9940,8365,7702,226,8700,9909,4350,79,5331,664,590,2271,3313,976,8677,1658,3860,7215,6586,2223,5111,3033,966,7964,8717,5784,3886,6934,
18,4494,2531,8157,9757,6048,704,6749,6969,9684,7515,5700,6425,4266,9795,3893,3547,2279,8571,
12,6901,2324,5369,1240,6012,7882,2270,7014,7164,5792,9917,4646,
15,1138,61,3384,6023,3490,5709,6563,7960,5314,9110,5313,8034,7729,4890,3086,
19,9619,6649,739,8681,1725,5064,4406,3228,8273,385,3997,1603,7187,1075,3764,7016,9009,7159,940,
20,4071,7640,8376,1830,9031,9537,2078,8705,6655,7272,6629,2023,6376,1450,9453,4722,875,1420,8759,1344,
15,8204,3249,2904,753,3036,7191,2797,7103,7323,6858,3992,4776,8917,8284,7061,
18,3607,5161,6851,4421,3420,5853,9696,9738,7792,2335,1770,8886,286,4526,9480,717,9245,7621,
11,8520,1407,7465,5866,9341,76,2867,7525,1168,4123,978,
10,2412,3269,9366,3575,3209,4810,1780,6854,9713,6834,
48,3167,4070,7461,2997,6887,703,7142,6495,6728,2001,1926,8172,1096,8780,9697,7369,5346,3256,8386,7888,5664,5676,5561,1961,8089,4538,6285,9499,9703,914,8887,4650,9993,2427,8211,5790,7969,5588,12,9796,270,7185,6890,1134,7611,452,8648,8196,
4,9249,8334,7854,1114,
13,2751,8493,9729,461,8609,6873,8591,9023,4840,4423,1891,9021,4417,
17,1515,9411,5500,8448,533,57,2217,1311,5193,7791,4314,8624,7661,4326,4388,4289,3827,
6,734,1384,9743,7685,8378,3530,
24,3729,2397,7077,1106,4806,682,6290,8750,8029,8992,589,7507,3339,2676,7689,4639,1535,8051,6660,5428,8635,2137,5577,8982,
22,1206,8373,3735,8272,6128,1424,6407,7009,9930,9734,4658,4221,2084,5565,4989,6156,7169,2081,8958,8721,9113,4557,
30,9675,6689,7110,7714,1343,3500,6258,7938,4755,4760,5408,4719,2813,6623,7112,9545,623,9759,4474,3097,2322,8232,3275,4729,8375,8163,5407,8789,3871,2210,
70,2917,48,8787,477,3411,3057,7445,6739,2952,5306,4940,1324,1913,8431,3101,5692,5453,2374,621,6905,4036,544,2416,3177,1684,9368,7727,9662,9235,5028,7866,5527,3815,7893,9553,788,7583,9715,8769,5789,6635,9596,1044,6014,3983,3604,8183,5834,3283,7832,5392,9936,8724,9674,5233,8043,5458,327,8168,6317,5148,2819,3415,9115,8132,4210,6294,2821,1483,2172,
16,6228,6654,1326,1843,9564,1369,2250,6263,6513,9335,716,485,1181,1715,3673,1880,
32,7379,313,8236,9202,1557,4585,8075,9595,3267,4832,8150,5684,5658,9361,7504,7749,9102,2834,2086,6707,2075,5155,5062,9518,9502,7853,5585,2842,9318,3981,5604,8994,
15,2883,8179,5517,2143,4863,4433,723,3027,4850,2780,5005,696,2484,467,5281,
41,3549,4495,8323,9314,950,3767,2693,5302,6545,3244,7485,1195,5942,5280,1851,948,2491,5198,1701,3132,1408,7979,1479,8019,1646,1359,7057,9531,495,1594,7238,7980,9461,7739,7826,2410,5244,5854,3857,8802,7281,
16,8290,9011,4724,8346,5425,7234,4652,9487,9543,7004,1513,2760,8995,4369,2924,3936,
9,6607,8736,7494,1422,6966,3366,6908,1532,5307,
35,268,3651,849,553,8713,7574,8062,3666,280,4384,1394,3731,907,2988,6556,567,8963,546,903,2817,1094,5739,8702,2621,3832,861,4487,4519,7545,344,1621,6788,3252,4476,6465,
12,7891,825,9282,2963,661,7548,9052,8020,4024,1199,2345,7206,
2,2717,7122,
8,310,7259,7351,2875,9420,9080,676,7632,
8,7088,864,7816,1282,8407,6764,3439,5562,
17,3253,5860,2426,6765,6304,1232,6493,1412,3314,4558,1104,751,4821,7666,5043,9632,7662,
8,4839,6916,8302,9610,6805,2809,708,7065,
10,7956,7064,439,7690,921,6409,8823,6426,4992,4830,
8,4525,7401,2233,6261,3176,6186,8960,6544,
6,7399,4882,5698,3469,3466,6319,
23,9752,9523,7230,4344,8229,7595,8401,5710,6751,8843,1392,8283,4219,487,5635,7037,6560,9828,1886,5706,5099,767,6868,
14,8329,3564,8774,6069,5668,3544,3066,6537,8357,5211,521,518,1342,5975,
28,957,4056,6110,986,7118,6618,9392,4979,2178,2116,8583,9867,151,1911,2542,3982,1964,9302,3707,9091,5,4466,5640,2282,3960,5146,7905,1427,
10,8342,3005,3199,417,2578,3203,3966,9362,6159,4937,
30,9216,6767,6473,2141,2338,601,8800,6939,7140,1078,2164,4655,346,4919,4486,9161,895,6427,9750,454,9986,110,652,5073,5972,3040,8859,4165,4188,1118,
33,6965,3640,8203,8435,6645,3468,7041,3270,444,7569,5241,4130,2393,671,993,8277,4628,353,7503,1747,8748,5622,7516,969,1145,6856,1457,9050,9594,2810,71,4026,6531,
4,4836,9897,7555,2177,
11,700,8420,3160,761,8956,9165,5663,4689,9657,2206,3614,
35,713,6190,4015,8162,7540,6176,3690,4911,3734,571,7828,5051,8336,8541,9865,6099,926,165,9126,6917,8753,7459,7228,2287,3825,7017,8364,8337,1306,5791,4178,9875,1006,1173,9916,
27,6831,5406,1090,6902,2377,3845,9264,8212,6982,5451,8268,7546,2771,6205,7737,8209,6862,3796,4336,8930,801,5921,5496,5145,2434,2328,2619,
17,9140,6418,4848,4225,4260,463,3793,93,8079,694,1224,4988,8018,5627,1237,5963,7581,
14,9679,4855,4693,3170,9316,9450,5060,5678,4139,254,9872,235,309,2430,
94,2316,2576,9452,200,7357,7759,7019,1601,2919,1994,7135,9839,7542,8504,2859,4016,588,2440,162,2095,4715,8393,6183,7659,3834,5986,9959,3150,9147,619,1234,4611,5787,2747,18,6973,8619,2354,1074,16,6779,9086,534,9656,1152,420,7424,5831,2218,1497,6401,5623,4180,4982,4316,4320,5190,8943,4158,6869,3041,1805,737,1137,3289,4649,9711,3836,5443,204,6271,2163,107,5857,7953,8612,3880,9417,3545,7166,3402,7537,6944,9243,406,4951,5415,2169,3713,8267,44,8674,4277,1207,
76,5192,3760,2808,5200,7462,1819,9534,1753,2446,4543,9142,8427,8577,8109,8092,2763,3568,5922,3285,4579,3878,9414,7218,40,4498,7026,1077,6725,6555,3031,4019,7095,1274,329,9384,9604,3715,8581,7436,9056,7974,9827,5832,36,2795,4697,3497,8083,3383,5119,4771,9217,5814,9977,1093,9638,7688,4432,3571,3126,7705,3771,6342,6289,5003,4160,9970,3413,6314,9206,4242,5286,8044,2961,9350,3626,
27,6150,3779,9830,8575,1272,4002,4141,2244,7769,5537,1396,2407,4587,6357,9894,4734,484,5220,6167,798,5384,6532,4552,2753,2489,8536,5589,
21,8840,2589,6526,3840,4591,7407,7021,2837,9460,3137,2611,350,7443,9825,6267,4168,9607,33,9260,2392,2951,
11,4687,6139,7554,5771,2439,3625,4879,1455,3053,428,4420,
10,1315,5424,6877,511,1799,3952,409,3173,173,8793,
72,8962,5971,1010,8506,2790,4825,3065,7663,4232,2634,1218,5904,4007,6859,3406,4954,3963,8287,1370,1960,1229,5298,3392,1904,6720,1943,5823,4464,6157,3906,776,7644,844,3206,4769,593,1581,3853,4701,1919,6760,1901,9431,7034,4751,6616,995,5138,4936,4811,9168,7083,1164,1615,3741,7954,2902,2049,6019,763,8740,2908,8777,7181,7481,5224,5788,9120,9794,4865,6690,2130,
29,8640,8675,9691,6639,4327,9133,7628,4347,7316,1489,2390,4043,4921,3210,4930,5582,5708,8233,946,2104,339,9943,5984,1814,1946,6142,7664,4573,8000,
4,5440,8395,4885,2736,
25,4788,1227,3566,1530,9505,9557,9265,1046,183,9566,2942,2039,2715,1955,1937,4175,968,6195,4463,5015,6860,2083,8946,9338,289,
6,9976,2053,6092,4707,2616,923,
51,297,1332,9191,5601,7576,1364,7602,646,292,2362,3354,178,3182,5180,2102,2004,4253,3634,6628,4740,8871,6962,8347,8754,3217,3800,258,8849,4222,3882,9280,2545,3977,3357,9095,9358,9840,1238,7978,8623,1764,2133,1526,9898,6445,3254,395,6045,6500,9555,4241,
14,1097,9888,7779,6977,9701,7564,387,4370,3841,4920,5171,7003,8525,2812,
14,2869,8719,4371,6235,4597,8692,1071,9029,7280,3481,6791,6447,5550,5344,
4,6160,9733,1970,1545,
31,9003,7475,5387,7884,2031,6068,2213,2048,5074,3299,2712,8220,4762,7352,733,7871,2092,7491,2478,1975,7582,1632,8657,6852,4814,5328,9057,3460,5489,3942,6499,
21,4475,7129,5890,462,241,5012,4063,1897,501,709,9988,9114,1796,3295,1791,2129,8916,96,4385,8129,7655,
19,9920,3773,2511,9345,9134,5636,5933,5603,9205,5317,8875,6688,6812,5197,450,8050,9170,2534,3638,
28,5235,1778,4353,6125,4990,2898,7594,5523,5514,456,8616,1436,4857,7528,2796,330,7921,6636,2546,3803,4051,5206,7706,470,3226,3600,4745,7376,
32,5445,4143,1013,6123,7837,4875,6596,5888,9836,1774,1340,1598,1828,4608,8231,5383,9093,8568,9848,917,4381,9099,4987,7123,6448,2055,6770,1510,4861,3035,6246,6492,
14,5300,3444,2123,6967,7309,1176,2652,5803,1537,636,3117,6674,4561,7506,
16,4842,9020,3601,1777,9761,8782,5405,6832,4270,4264,2762,4584,1737,8494,7858,4793,
19,1335,3149,8848,9182,4664,9871,7650,6362,5166,1640,3006,2160,5511,9728,8857,5556,7521,2466,6143,
16,1866,8783,482,8112,6329,8747,8652,4481,141,7931,949,8779,7750,808,5301,4100,
15,6694,5727,4706,7162,5466,7843,216,4744,2291,4318,9882,2547,760,1409,9579,
2,211,7684,
34,6424,6485,9735,6399,629,2930,1723,2234,6078,3222,6816,8855,3657,3,7370,1008,130,4694,3900,3515,3624,7431,7121,4237,1390,5127,4501,142,3780,7002,526,8269,2238,3931,
20,117,4346,2536,565,9974,9068,3585,3542,2105,6984,8035,2366,8339,4617,2854,5411,5268,6883,1810,8824,
18,8509,1406,4228,6491,9219,338,8481,2214,2740,2861,3136,4560,5532,8643,9748,6284,4234,1959,
61,2008,3697,5516,6222,4898,7722,6112,1698,393,6477,2337,8087,1705,2294,6981,3099,8613,1204,4622,9782,1939,1732,4691,6113,2820,973,805,3576,6302,220,5953,3956,2755,3043,5718,2457,4057,2814,5230,6022,5631,2873,3562,8847,3369,3617,195,8861,4695,5723,1150,4315,9250,3884,7723,8210,5110,9938,7795,4908,6273,
13,3655,7512,1079,2305,2585,147,4200,715,5880,9490,9363,8325,9723,
67,1833,9626,1995,497,8595,3783,5124,4603,1856,3467,4187,7902,9293,8533,2087,4182,8815,4997,1736,9569,5505,7955,6233,3505,6315,424,5002,3059,3652,9032,7997,6016,9642,2806,7241,5499,6624,9747,8414,669,4554,9067,1622,3899,532,6080,2114,954,8423,5125,5647,8558,3712,9918,7204,2617,9430,6458,8607,2273,8957,1881,955,9522,8865,4374,9005,
20,2720,8518,1170,328,3445,6058,2681,1222,4206,7266,8368,3108,6122,5472,2360,6552,4892,5106,4899,789,
8,423,7270,1037,7437,7731,3630,6606,3927,
15,9090,7846,8328,7448,9623,1564,7762,965,9232,6763,7998,2387,9422,2065,6511,
26,7429,2559,2538,9819,4888,8534,1286,1775,1017,9863,4152,8914,6454,363,3300,604,123,9957,5259,8270,1073,7538,4183,3896,5643,1956,
16,5721,3396,3513,5477,9478,1902,1861,3774,9053,1979,5430,9582,7128,614,564,5236,
16,2166,9504,4507,9199,9641,475,4843,7208,6584,680,458,7633,6680,5027,1302,4727,
31,2774,19,164,8085,656,1475,6393,3947,1700,1523,7148,8426,4493,2348,6803,4970,4623,545,8159,9442,7220,7090,7746,2428,4373,3668,8697,7094,1765,964,9515,
19,3855,837,6952,1363,4935,9549,4502,6570,2107,649,7873,5158,7501,127,4453,6055,5429,9468,4321,
25,9325,2020,2788,3531,8791,8629,403,4782,9640,2332,3710,3433,6462,7679,984,4535,9730,5013,6117,7033,3201,4114,6640,8935,5478,
19,7196,6173,9737,4087,9710,239,6437,1353,9167,9754,3213,1717,4874,4430,9896,4397,3805,7125,3272,
17,8792,2881,4080,2207,833,6503,1330,194,8246,7807,7933,5548,1921,7643,9060,5655,4471,
25,9901,8557,9254,119,9255,3146,7415,2539,8981,4441,9939,2513,3946,7210,3221,3130,996,1474,8603,4470,2642,3968,3056,3399,2191,
19,6794,8586,4223,5201,3663,4060,2680,5959,6974,7028,6162,6609,3345,9027,2303,9835,4915,8408,5886,
23,445,7864,5113,2060,8243,3105,7915,6484,580,5184,8094,8009,9474,8659,8597,7321,3450,6331,2613,4173,657,6324,6591,
15,8086,1024,2784,7366,7342,8601,9111,6030,6824,3828,6415,214,542,9188,6686,
33,7911,6135,8630,7434,2293,9947,4544,8194,2261,8869,7120,1309,3648,7724,9785,8296,7282,6413,5680,8108,2268,5019,2527,9758,4619,373,4431,6286,426,5932,6343,640,5067,
26,7229,7687,8382,4665,376,9926,5386,8099,3307,4635,5031,7958,9012,659,8181,5611,3714,9400,3736,9895,6911,8526,8891,8863,4606,9999,
64,9409,1399,1421,5614,7796,909,1596,62,3118,4547,5529,4211,8318,4436,359,9688,1283,9862,1021,7454,8070,7303,5474,8251,7784,5334,9608,3723,9716,7590,8921,9172,5682,4243,465,3237,747,1887,2312,8690,7649,5459,6534,6461,1410,316,1691,4978,5269,9786,5476,6872,1336,6750,5037,9776,4531,3664,4185,20,5449,8850,4841,1507,
9,3555,1528,5990,9071,884,5911,2263,6880,9251,
71,2135,7141,902,6402,8425,2245,4376,1580,5305,4394,1072,6320,3962,9725,3598,2222,5153,5805,6697,6891,4618,981,2400,2433,7317,8041,6391,360,1706,1983,8369,6990,1638,3405,1383,1654,6881,149,9589,648,8718,6358,1095,4813,4599,8441,3081,1726,9259,1540,9387,4425,8910,1374,9573,2848,4918,3128,6136,611,3172,7035,8638,8939,9753,4662,7950,5629,8138,3698,8308,
17,4637,2278,9412,5948,3208,9262,2967,1800,5001,8952,5734,8316,1767,5309,1761,2447,8679,
23,2986,8489,4980,3821,1863,9286,947,7793,7812,5340,4718,9103,6756,1750,2254,8419,5042,3045,6038,3846,8881,6015,5573,
16,9514,222,4583,3200,7557,6698,1745,8105,2557,6692,9686,7248,5483,6171,1742,7147,
17,4586,1609,6420,4867,560,3393,5208,8615,7085,5748,8761,2684,4074,9322,9447,8498,4868,
57,6208,9702,3047,1386,9473,934,4696,6848,2722,2247,4884,5092,4625,5992,7331,4849,7897,9603,8436,2388,8845,5947,5905,1334,912,5770,7225,1214,9624,5612,1362,9966,6594,5320,3303,5826,9066,5767,469,4161,2827,8589,9746,6553,6005,1129,8735,5773,6151,6867,3356,8722,6514,8726,5202,1788,8949,
47,8175,8731,7612,6340,8187,4302,9821,3550,7927,8576,9135,9233,9375,1298,2757,7908,9240,3058,1124,1184,8344,654,8756,3175,9783,642,1648,3681,9958,6107,5436,6592,8218,6086,9560,8090,1312,7426,7624,3039,9775,6177,1056,5876,4251,9616,1562,
6,3471,6843,6550,4666,4872,4772,
34,88,5497,7293,1697,4154,8182,5730,6000,4396,4784,1692,9457,938,2665,3565,2231,5862,1163,1787,8742,6240,6557,3895,5747,1389,2798,2705,7819,1600,3660,5249,2101,8354,1190,
34,8703,585,315,8421,5907,7757,8991,5367,9130,524,7735,2632,7455,4835,6179,3116,25,1531,2510,3191,6776,6554,2678,4280,1670,577,7646,3013,1631,1468,3165,574,2422,2448,
54,3281,9820,8133,3770,66,4677,8767,3636,9475,987,9000,8814,9482,1201,3072,5600,104,9330,3114,4439,7907,9565,2741,5608,8067,7695,9695,7247,1818,9843,2336,8205,4721,8483,2396,9373,1337,6542,4956,8096,7023,1268,3995,6577,4768,6209,1279,8765,4688,1894,7831,9591,9129,2615,
26,3257,3029,4349,4794,1256,1930,5417,2126,6597,6659,2470,9082,3999,2431,7631,5915,5522,4064,4871,3145,7940,4748,1368,8807,6801,7678,
20,6633,7993,9100,64,4653,6498,5473,1299,6287,8867,7031,7412,7073,5257,1661,2035,5033,4261,8641,4005,
46,29,9283,150,2973,1550,2686,4244,6336,6829,8415,8819,2852,8074,6886,3594,8394,2562,4596,6303,4380,6846,3260,5326,559,1841,3273,756,6958,2064,7591,944,5936,7772,4402,1092,7753,4778,8738,1403,479,8036,2658,4783,8925,8684,7855,
43,1664,9207,4170,7787,3482,9912,5214,9813,7770,6833,4159,4297,1842,5864,5023,6975,7726,1458,2350,9344,3784,2420,2295,6395,8794,3037,9741,1358,3980,189,129,2734,3240,9371,9787,8397,6691,6992,6423,7126,796,6978,1682,
7,9463,6875,109,8445,633,2893,8047,
10,3311,1100,1984,6182,4959,3220,5502,7622,5519,2541,
25,3988,6529,8915,5967,5433,98,3866,5699,8007,6474,3808,3328,714,1243,7578,369,684,3091,5185,6501,985,8066,2823,7748,9257,
2,908,1339,
9,9581,6780,1267,9144,1831,9054,2476,5260,7362,
35,2571,6695,9347,8555,374,8521,4404,2935,3925,9800,4008,7043,7894,8610,9159,8560,6422,3082,9092,5624,5943,1606,9995,8579,5526,38,4562,4083,3352,3195,2811,4928,1440,7785,5979,
17,7965,9256,4006,1586,7518,5455,6050,9014,6052,5117,7295,5494,8451,9365,2347,6819,1015,
53,4090,5902,1635,5234,2829,2153,6192,6001,6712,9506,6483,5267,6826,449,6861,3761,7961,6774,9491,5338,2266,9492,999,8836,1797,1026,8380,9660,9609,5468,3944,4462,8696,7297,3529,609,3243,3390,9527,5419,6661,7845,5683,3923,1161,2219,1141,4401,4127,2113,2251,7813,3224,
12,1228,2436,1200,4630,5034,2543,2969,8259,9118,2395,9132,6238,
10,1512,2748,3675,2802,8768,582,3077,4258,223,2212,
4,2949,5885,8021,2346,
34,4877,2512,823,9497,415,780,6641,9631,7867,2996,3483,1896,2413,8016,1539,531,2037,2565,5765,2761,1520,4827,6929,1162,5396,5139,1171,1308,2574,5830,6428,2518,8017,9693,
22,1113,1734,9805,4914,7994,8155,655,6921,6255,886,6772,9298,8796,2505,596,8813,5872,9709,4675,3085,670,4084,
96,1543,3103,4428,1054,8059,3778,2181,3418,3669,4615,6067,8876,8620,8343,2021,7707,9153,7276,3351,4529,8954,7598,3818,7634,785,2215,2229,42,1763,7279,4738,8313,9204,4692,8320,5418,7305,3423,9622,1262,538,2131,8,7981,6546,937,3162,1798,9717,2094,441,3387,411,3591,3520,7131,1395,6266,6079,4506,7767,2298,7382,5011,7977,8527,421,5877,9661,7036,7476,4140,4812,2822,5607,7789,1060,9432,9448,6063,3665,7824,8280,8797,1731,2818,7395,573,906,3107,1226,3000,9532,8222,1202,7405,
50,6807,5982,9877,4444,4229,2331,2779,8487,958,1329,4927,2024,9590,8295,4010,3932,6158,3407,8554,5685,8808,2158,5551,3837,5633,6170,5974,7161,2936,707,3259,2865,4996,3417,2488,8226,8540,8501,1948,3945,8611,3838,4962,6278,8333,5333,2280,7586,8463,4077,
10,1888,5769,277,6237,9751,8028,9070,4246,133,5593,
13,9707,4742,5237,8795,8367,2275,7232,3436,1981,4204,7502,2501,943,
20,6740,8902,6786,3904,2975,7150,3292,267,2831,1870,4775,1432,7743,72,4025,2646,3592,6100,2168,2582,
35,7198,1625,975,3051,3877,6808,5674,2236,905,1519,6234,591,2150,5199,7620,7798,243,5518,5965,7127,915,3100,1103,9683,2189,5736,3749,7460,5063,3792,7996,8532,2145,3185,5046,
18,5299,1066,2738,6512,2910,5764,515,3071,1,2727,4357,4434,540,5242,9797,7409,9010,5705,
72,3334,8868,8671,9464,2140,8505,47,6360,3921,3278,1610,6313,5951,7777,496,848,4086,351,4516,9699,9173,822,4412,3926,1278,4513,21,2637,323,9063,5946,1435,755,8455,7427,6878,8398,1696,2864,3301,4925,3755,6995,7771,6348,5354,7393,8468,6355,811,566,994,6191,3158,7350,4108,1001,5414,2494,3204,7257,4961,953,1472,8349,1378,8685,4310,6569,1052,5467,9296,
6,6735,2649,852,5014,2304,6181,
21,7928,5716,4414,1968,8239,5941,683,1834,3489,2635,2645,9928,6643,1045,9945,2419,2732,7856,6370,7177,2099,
13,2432,519,9166,6711,2357,4365,85,5584,5093,6741,3262,7741,3560,
30,1735,6656,1869,8146,32,3976,6907,3961,1840,6442,8817,5715,7508,8562,8360,8027,1985,7271,2896,2183,2889,6506,7256,6590,6787,1811,2733,3628,1296,7458,
51,5295,4184,159,3414,1511,248,5188,3476,9388,2504,5701,5929,3701,3263,6758,9247,7656,8312,5882,4259,4710,154,4902,3437,9081,9107,8936,4004,2438,6578,9451,5891,5900,132,7670,1127,51,7601,1249,7450,3503,6603,5174,5270,7115,7375,9834,7038,8279,1599,3928,
63,3758,7224,4869,1595,8644,6218,3377,618,9810,4029,4248,1460,6398,2602,800,3894,2093,5194,754,2803,647,8822,952,9028,4262,4550,8400,7470,2496,6551,2945,9261,3831,276,5488,2588,8904,5786,4508,191,6374,5938,9802,8639,4408,6411,8580,6070,3485,7669,5109,6496,1683,5924,8626,1748,447,5989,9389,2683,6637,1205,437,
21,8728,1838,5711,101,2283,5580,2325,4312,4132,860,3720,8206,3234,5239,8142,3109,3844,8860,6598,6046,4303,
9,7020,7319,1160,6864,3451,720,5169,3955,3341,
10,672,4150,2079,945,523,1589,5070,262,7781,2308,
27,8458,1689,8351,9561,4355,5746,7246,3646,5212,2320,9160,6642,2115,4429,5101,7149,3782,5041,894,2343,4590,6077,2572,2472,8064,2302,7909,
11,920,9670,5359,1189,5465,7267,1123,586,2051,5372,7015,
32,5598,3410,9544,4958,4068,2382,8715,9382,1655,7045,8134,1980,8693,5021,2653,9419,283,9706,5558,8475,5997,8469,9315,2524,7018,9592,7265,5081,5448,1608,5447,4818,
28,606,9847,6189,208,4194,5686,3776,997,2713,9357,8883,3022,2587,9944,288,8116,1331,803,6472,2708,919,99,4514,3653,4946,2091,4174,2709,
10,8708,372,7889,2982,2385,7693,3556,536,3967,3161,
10,3527,5358,6199,172,3190,1910,3044,982,6839,4636,
55,3739,881,896,4410,8979,9842,7255,9617,9226,7941,9238,9038,3802,4121,7732,2285,4539,7680,3788,5908,1541,5804,4613,2018,5824,5801,2124,5810,2561,167,2435,6256,3957,4032,103,2022,7332,8676,1820,9580,8647,6621,9615,4457,8567,7744,2182,4075,4295,7310,2371,1643,6715,6931,5412,
67,5086,7936,5954,7104,6989,7636,3443,352,812,6855,871,3404,6337,2380,8661,6274,9353,198,1915,7944,2849,5966,2201,4668,4438,7892,1877,7345,5128,9873,7473,9212,5568,5928,5910,1588,8015,9177,3854,9,9343,8781,2855,3028,7519,1478,4339,5669,8080,3633,6,7069,6032,5961,4846,7742,1923,7044,1153,6559,4145,3184,1157,144,1136,1662,6828,
2,2981,8303,
9,5335,3817,3546,6903,5069,6806,4876,9441,9868,
4,3692,7005,4644,1817,
71,7318,6002,7710,9890,7372,3425,2429,7922,3524,3970,9195,6020,4834,4566,112,1357,2042,3496,8646,4033,7420,4569,8289,814,3913,5427,2473,1464,8733,4235,1533,9951,3309,6097,63,6508,6328,2915,977,5506,9434,5195,3290,6998,5570,8389,2656,8997,592,9644,8230,1744,8947,1624,9484,2926,3042,4542,5493,9404,6073,6853,7603,3386,1929,1740,7814,4732,8169,5798,6400,
50,84,741,3951,5510,69,2675,3807,2442,2077,3672,4957,1639,9229,4144,3937,5945,6103,2340,9855,9017,5422,308,1231,5283,7012,5822,9605,1618,7584,4126,6144,9248,5355,1445,2127,1703,5490,605,4191,3359,1426,8622,7157,2376,6761,7918,5745,4766,4556,2724,
11,3990,5654,9078,6026,8309,9364,3993,6538,4714,8314,1000,
25,4255,2782,3398,4233,1944,607,4624,7365,2281,774,3910,7587,97,3750,2045,5341,1885,3473,2690,9479,5648,9964,2970,1678,7809,
9,4450,2480,8529,5602,245,1415,561,1816,7782,
48,726,2928,5782,3394,6247,3685,8326,2330,4667,1345,3052,2495,7277,1314,8550,1672,9327,7260,1707,8452,2629,1487,9239,2342,4753,9438,4,7184,858,4737,8888,7315,1488,140,2310,3408,3903,2300,685,6991,2516,2073,9721,5825,3856,7173,6479,5179,
42,3557,4405,8664,6587,8193,1255,3645,9630,2311,2156,7167,7605,4651,4634,3680,3008,4306,6488,815,2485,2607,8032,5925,1122,8476,7452,2860,7850,9516,4681,6126,1739,4548,7359,6464,5095,3687,5889,5918,1356,8683,2851,
3,7329,4537,7990,
14,6456,6502,8370,448,8025,5690,4802,8121,552,4276,3416,8361,2960,6517,
15,6884,3849,1613,853,2706,168,4167,354,3534,8063,9376,6602,2058,6957,1998,
26,3540,2742,8978,530,209,1947,824,7698,4362,620,2071,2365,8031,6949,5450,9618,7106,1125,9903,6892,9911,6386,1669,8281,5762,641,
18,1492,4058,5282,355,4866,1264,5123,4663,3799,970,74,2702,9225,2957,278,83,5906,5909,
30,5381,394,4807,6338,2989,2799,5579,9112,3271,7534,202,250,2682,510,3924,7736,9659,7419,8986,7378,974,4422,6535,7800,3015,5413,5645,5956,9597,8340,
3,9109,1634,8996,
23,489,7188,284,8038,8766,2187,1967,527,3754,1355,3811,5163,9407,3319,7536,9902,3738,2341,9975,1727,7674,4912,8730,
31,9402,7471,4953,7901,8444,6121,6392,7654,4209,2498,252,7236,9348,9704,500,5097,3881,6835,7745,3034,9342,2739,2911,3706,9149,5385,5223,2995,9772,7386,1022,
67,3430,7768,2651,8338,138,2556,5400,9141,9297,1294,408,1411,6810,8140,3519,5325,3214,5930,5373,6187,4905,6827,4510,8704,7300,5935,7402,1454,1663,9726,8201,5696,936,8523,2202,4600,9380,7667,3941,9201,2830,6933,759,6221,5044,5035,8453,5596,4192,5616,2409,224,8152,8185,8100,1801,5586,2914,5065,8022,3064,8123,5273,124,2625,2704,6693,
25,8024,8449,5285,1062,1534,5957,8214,1132,1907,1033,9039,8366,3215,9320,1583,3096,9900,9841,5785,2047,113,3258,5191,7694,3861,
18,2941,554,3512,4017,9712,2954,6197,5976,6375,6504,5080,8701,705,3719,9413,5318,5368,6665,
13,3869,8406,8566,3426,6133,4913,6900,3338,7860,7389,2323,7802,23,
22,9744,3050,6202,3790,665,9645,4965,3789,4274,6164,7098,8720,2662,4880,6743,9880,6755,1501,4330,929,5761,7760,
12,2327,4873,6356,6024,2132,4939,8413,1030,9213,9328,4852,5919,
12,1323,8104,2056,6098,8737,1864,1004,2230,4777,1604,81,2887,
18,2112,9180,6718,6316,9106,9789,6574,9136,8889,7683,6608,4278,2041,838,7294,8689,8037,2866,
89,3457,9698,7876,6003,5576,2639,8439,2901,4521,7761,116,3060,6714,4575,9535,4169,3348,5740,3074,478,6028,5115,8602,736,5634,6396,1792,3561,9446,2962,5215,8130,5207,1772,2583,1990,7719,783,7822,9241,371,1379,7151,9331,2069,6959,5646,5471,7467,2836,4563,1158,8879,3975,3189,5108,242,2940,869,5937,3223,6490,3076,2492,3644,1089,2610,5144,5916,1404,1301,1003,1730,2843,9354,1577,925,7441,6111,901,1247,8941,797,8582,3781,3110,3950,6390,4296,
61,3168,3294,9065,942,8118,6842,7614,724,5256,3174,4764,5559,9837,8438,9101,2076,4038,505,5343,7466,9378,7222,5036,4440,1854,362,460,8999,6943,1295,2059,3098,3684,9676,6522,0,5821,8282,4122,6152,5176,6351,9058,4799,3322,143,2772,322,5563,9097,5714,7615,5926,2890,9967,2897,899,1704,3934,1758,299,
23,1993,8213,5205,7442,3477,3054,8298,6161,5583,7967,6730,1031,6930,2765,2850,5132,3752,9572,2931,9621,3187,3330,3870,
8,7373,212,2999,3786,5287,3623,7176,9252,
3,3138,457,2591,
22,9503,9768,3112,3606,2900,7645,6451,1365,4164,4582,6219,7299,3078,115,2699,2054,735,9174,1183,7388,8286,89,
3,2026,2006,4941,
37,4984,9852,6296,4733,6410,3972,2934,6575,5189,381,718,772,9546,9192,4711,9832,4682,5729,6380,7949,1688,6385,8003,4964,2923,5755,2825,9258,2192,4633,1665,7165,6941,4991,171,6334,7408,
21,8271,190,9401,7988,5437,9002,6871,7381,9433,3123,5291,1629,2351,821,1154,8335,3602,1941,8030,1165,492,
98,7861,273,4208,2783,8667,1276,1453,2314,2368,8177,6446,3553,4360,5852,4299,1554,9672,9356,3155,8771,1219,1940,4179,6435,8264,7056,3235,4581,2598,8391,349,3001,5949,4808,8180,4097,8751,1462,3920,9059,2929,5806,9791,7189,5339,8927,1652,1385,6782,1156,1009,1322,5964,6417,1542,6291,2421,7623,3014,6212,3431,6350,2326,6768,6631,1139,2203,3427,7756,3965,5753,4747,4683,5988,2880,7985,1809,2029,8008,2188,8106,8363,1575,7024,2138,7696,4383,8443,8775,8216,231,8131,7111,9637,8013,729,2909,3517,
8,854,35,9037,4328,1685,687,5694,1061,
23,3409,5213,7243,7207,3326,2455,6029,9150,6475,5827,668,2948,7091,8516,1065,5181,7387,3678,6679,1117,1899,9006,1893,
22,7314,6327,2122,9043,332,6363,5066,6034,7841,8828,5276,1025,594,6384,8714,525,6789,1760,8837,1318,522,2509,
23,7040,769,4781,6580,4593,9817,1320,782,7418,6813,7322,4739,4878,1945,1119,2769,2636,87,8621,5337,4574,6082,4483,
48,3156,677,1438,4437,8176,7380,3119,1496,425,1756,9510,8293,9079,8348,4052,312,8974,7478,2946,4447,6306,4943,6914,3959,1903,1418,2594,6354,6365,7242,6226,1456,4215,1366,7358,9878,5749,3140,5960,4614,7917,8870,3063,5361,4631,5599,6148,4416,
29,9289,7174,6924,842,1630,8804,1220,6168,5279,3092,7920,6062,2121,5626,9175,8200,1325,3501,8549,3508,5350,7848,4816,319,6277,4343,1239,600,1546,
9,5615,7180,3603,6064,7101,8115,8645,4822,3868,
50,5377,4207,4661,7048,6657,5160,8928,4478,678,7935,8725,2841,4800,7137,4386,6047,1167,2570,7529,1317,4881,5621,5722,3102,8894,4754,9861,2555,2391,7514,236,3581,3312,932,9253,4212,5637,5597,9533,8199,9960,7568,1829,9811,7335,1718,263,4509,3897,1293,
21,6547,1900,6670,6404,3572,8642,9705,5809,1480,3746,377,5008,6874,639,326,1307,7551,883,3438,1853,9520,
53,4059,4894,9406,7253,9087,7134,2036,4034,6987,1771,282,6558,6923,3593,8244,581,7240,1482,45,4176,9222,2043,6954,3567,1166,3452,7991,7721,6035,7337,3094,6489,2879,7136,9145,5673,9210,3804,6388,5778,4311,6792,5364,9937,3688,9024,9123,5973,5395,7906,4239,4341,3588,
2,6076,1785,
50,2147,7249,8219,6244,2605,2577,9035,8637,4756,5998,2444,459,1041,2089,7999,3493,7237,6025,9425,1217,4044,8650,1371,9498,2793,6382,9593,1434,6259,5572,2459,5641,7262,7838,3964,8998,2157,1280,1484,4333,3998,4967,5401,3248,8141,4626,5644,5774,1341,1713,
43,2074,5829,4973,2184,893,4227,1693,5540,6799,6138,8502,4699,2626,1281,3949,7285,7543,8542,4351,8627,9777,9780,14,7030,8757,7774,2692,5388,188,6057,6065,5867,8839,1974,26,2389,4578,8556,4900,2255,8113,1935,9765,
3,3833,1430,1140,
8,4511,9267,4020,7572,4826,7102,2272,7143,
87,24,9291,9965,1441,1620,5554,1862,1101,7364,6041,2151,7847,5243,4787,8617,5351,865,3973,1687,8655,6204,6432,8680,5833,1481,3441,9181,9521,4674,6796,6318,9189,3046,9301,2612,9307,1148,1354,8006,625,6732,1927,5812,7079,8508,983,2249,3595,5162,2267,7526,3455,6060,438,1559,4042,1064,3612,8503,1868,8275,3863,1694,8147,3310,7183,3656,5047,7676,3349,1191,5543,1966,6434,3618,1848,5555,795,6288,4047,1084,2253,9568,9932,667,3514,9088,
20,2507,7156,5025,775,830,8462,95,7704,2108,1211,7823,8551,4256,3470,1235,3211,4789,1932,7353,1855,
37,8158,8699,3616,2838,3732,7580,2776,8993,4685,3261,9874,2596,5958,6777,8039,4012,5303,2406,8065,4055,4461,5152,8418,4572,8983,3814,4391,6146,613,6441,5072,7533,5776,8299,6322,9558,5376,
50,6706,5304,6752,8191,7092,8040,674,9171,272,5366,9636,5375,8446,3395,7479,1591,7113,2744,7728,7532,345,6436,5251,5667,2894,2767,1969,2443,5316,5463,8084,9756,3523,9281,5390,5265,5446,160,3021,7374,5150,302,8654,758,5944,4319,4203,1950,4129,2746,
33,2523,9030,1443,7287,529,5689,7830,6223,5292,6471,6737,1802,9470,7780,3676,9692,595,2974,804,8473,9148,6528,3700,4610,7313,3449,6696,4844,3023,2226,6482,7051,9601,
47,2912,6115,9246,9137,992,4792,4709,9231,628,6421,528,2647,7717,1397,6588,5893,2144,4522,7776,5797,1720,2469,8202,6210,68,1909,2677,8411,432,1645,8838,4916,653,4972,8345,9454,5544,998,3528,4592,9467,6721,3084,9198,9488,8898,5547,
18,1305,6783,1605,627,6013,876,6213,4906,4942,318,7153,740,1690,5016,6072,8241,3247,8812,
11,7709,203,892,9611,1051,2284,244,5844,8835,2142,4588,
27,3333,5808,5054,1257,7556,2468,3163,2109,5605,5639,5186,3552,4368,9857,6449,9428,5178,2204,5581,314,9667,2872,205,2277,4448,5613,4022,
16,400,493,1845,6956,5799,3073,8359,5481,6081,3532,2526,1516,105,4089,4933,820,
10,2356,9186,6299,8841,3472,153,1401,4627,7439,9803,
36,9305,4601,3596,3024,41,5996,4602,4986,7296,9881,6821,8247,8938,4395,7637,6478,7340,2146,3768,5993,5691,7324,9455,5252,791,1059,1303,5796,2553,8107,8110,9494,9269,9214,4267,257,
67,8587,3197,8785,3958,3373,5899,2292,7203,3403,4062,9823,5172,1047,5394,5503,1776,4773,3506,1924,2162,8565,6275,8764,7486,8242,7022,5345,6841,7880,6281,2569,5533,5800,2067,333,2193,9814,7596,5846,7839,743,927,3447,9220,9773,7604,5923,5057,9369,2286,3305,4504,781,401,9921,2847,1131,8572,390,1552,181,8054,3858,7783,6702,8543,9887,
24,6044,3826,3816,166,7840,5662,9397,9263,3049,3459,7286,6298,9556,6734,7849,7474,1857,3212,5154,3659,6056,9073,9426,1973,
8,7097,9586,494,7117,2,6345,6882,2944,