24,6198,1965,4796,8170,2012,3696,2608,690,7045,5664,1146,1050,247,5038,3792,2898,935,1159,843,8174,1518,5907,561,6906,
30,8450,90,3772,5483,4200,5713,7650,4545,2313,1344,1326,1032,5327,4092,8899,4696,5701,4316,8864,922,6836,8509,2010,2015,6418,2508,4886,5743,9146,3793,
16,1566,2823,9117,9459,540,2141,3703,6276,6989,5758,3662,9411,5239,3342,6394,7193,
20,9475,3660,7539,3051,8503,8737,3803,1839,2961,2601,3654,5843,8131,7307,3641,3824,2471,9788,4695,7885,
23,6428,719,1691,4481,1036,2535,4250,6410,9165,7572,576,1519,6715,5906,6406,5840,6078,1741,7848,5061,6480,9650,2349,
28,6975,6982,5555,9520,1560,6299,9324,5407,5183,7767,1849,5411,5346,9197,2658,3814,7999,9230,9749,7420,1251,1902,1078,9623,3328,3522,1484,1315,
40,8103,9832,5467,5865,6475,4099,5387,5126,2401,9229,4394,6562,3984,484,4044,2194,1545,4997,1419,1096,642,4591,2743,6337,1353,9923,6851,449,2697,7898,1073,4133,8719,4155,8777,9134,7926,5527,1714,6038,
32,1134,3562,7574,1499,3866,3177,8954,8281,4273,1541,4478,9844,8915,2370,1262,2981,6433,9389,7212,9469,7778,9209,7889,9553,8138,6604,6118,399,7223,1454,4353,6413,
34,7678,5535,1330,1590,7575,4004,3770,1730,3546,3229,710,5691,3759,585,7035,7558,9252,5773,7098,4711,5421,5892,9449,6455,5085,7827,1443,4936,6762,9293,3355,3796,3074,9452,
25,6261,746,2496,7394,795,4096,837,5303,3170,9153,2513,259,4179,805,9902,1662,2151,8597,6232,7208,1252,8127,7287,6835,3143,
31,2234,5062,1424,9460,7922,9816,5224,3341,3532,8603,9973,7802,9857,2705,6648,1137,2231,3884,3624,1827,1110,2177,1297,632,5560,9713,8032,3098,3938,2594,5635,
26,2139,1466,5973,1964,3537,3669,3858,8646,8423,4446,5502,9921,4163,1866,9400,8034,4359,260,3445,242,2392,6602,9865,8075,3008,5774,
32,9151,558,548,4503,4217,7442,7742,7381,8649,9274,3813,7097,4284,8826,2184,3974,4343,213,2893,4648,7881,9323,7365,6106,6589,1031,7687,814,4688,4631,6660,2501,
30,5266,1204,4060,1700,7865,3019,791,3486,1562,8988,1121,9877,6180,325,8295,1426,483,725,7255,5995,7360,1183,3438,1281,7972,6619,4346,1255,5470,4832,
37,835,4049,3534,1751,4622,1160,1412,5850,7561,9406,3934,7304,3362,5010,5028,4822,7706,9651,3317,6176,4368,9077,5931,9530,4142,1912,317,8456,9399,6501,3713,7601,1800,4540,8636,3595,9478,
37,45,8033,2851,4338,4238,7769,1342,8620,6752,8793,1564,3548,5297,5761,6544,2413,2944,5287,8310,7433,2022,19,4861,7826,759,6605,4308,9108,1086,4485,6661,8363,6303,7123,6960,6596,7417,
29,3060,6791,5334,9806,1429,2236,8714,7719,2176,6287,9089,8505,924,76,1968,2780,8384,2082,1496,6384,3413,4416,8749,9535,9353,6751,4561,3868,1875,
42,156,1999,5613,5511,5115,3324,3659,6580,7430,2218,1390,3299,6084,9203,5862,4782,6454,8842,7860,713,5540,5356,7725,3677,5236,3928,285,272,8856,2361,1922,6254,1129,6040,2093,3717,7413,5795,2143,9723,6598,8037,
23,9053,6152,5213,7980,9874,6262,879,3326,7296,8553,1609,3185,5983,907,8925,178,2237,8999,9421,7217,3337,2112,8002,
40,2717,2563,3361,8733,5237,5228,5274,8723,8469,9317,452,7536,1248,7257,9332,116,6954,7924,4488,1781,4742,9487,481,46,3789,197,2856,3848,7019,3727,732,1939,7090,4798,5196,516,8132,1345,6576,5193,
26,7849,4322,476,7648,9095,5416,5313,6000,5171,7468,3715,5397,1444,2867,7838,1091,3147,2500,1774,1054,4074,4727,7294,5050,4712,1773,
14,9670,6424,9498,2263,8575,3465,2027,6651,5291,9072,8735,1989,8736,3226,
11,5254,1143,182,9632,8320,7149,8148,2730,7809,2967,56,
19,2758,5645,7793,8003,3919,1612,9665,2359,4076,9675,106,8627,2488,8524,2347,4635,6074,5418,4605,
26,8980,626,1066,7969,3954,5525,9585,4175,3955,5909,2682,4855,6772,3961,611,4033,4129,4549,6861,1640,5468,3593,3022,9265,5686,7055,
36,6430,1817,1468,874,3064,3009,9123,572,8322,8040,4413,7076,7525,7645,2685,5118,6951,909,8436,7757,5072,6841,8175,5652,842,8806,3600,672,3965,8252,1112,3369,496,7774,6172,592,
23,5832,553,1983,2555,8628,5412,2947,1899,1256,2178,1915,2887,2390,945,5626,3569,3395,4606,622,5961,7263,4537,5787,
29,5876,9145,9200,6509,1923,2201,6616,36,2106,8289,1120,5791,8338,7363,2256,4113,6009,8116,6789,8537,1286,4649,1394,6641,1041,7465,114,3081,1333,
28,701,6687,4318,7957,9121,3040,22,9854,9056,4062,8889,1952,3401,2741,1346,5630,6333,9085,6691,3988,7858,4840,8979,2008,7517,9003,8683,3555,
38,4182,6980,6294,9454,9669,9485,8937,8993,5366,1679,4130,8159,2020,9092,5974,198,7893,4410,2970,6334,4557,2164,2128,2127,2180,1355,1605,5788,458,695,3308,6821,5845,7841,4111,277,9204,3708,
31,3448,6891,8657,5472,4824,6474,6677,6275,5423,2334,8564,3644,1167,110,5036,4990,7586,8558,4010,4596,3372,8684,4261,8280,137,7967,1337,2345,2329,9444,7021,
22,2922,8644,5846,350,3620,3273,4612,3635,4952,7877,9919,4383,2686,1170,2619,5039,5337,2571,103,5513,8009,7527,
32,1959,7828,23,9441,2519,2838,6437,8036,4465,7693,5704,8943,2011,1825,228,7298,6156,1383,2727,302,2029,1087,7507,2662,7780,9364,4841,6308,566,6503,7731,9463,
30,1711,8590,6819,6005,3069,9737,5314,6318,4417,2657,7844,1830,2704,7700,6170,3400,5989,440,4618,2240,6723,1475,1951,4108,4984,7618,7738,9347,1404,3436,
30,5959,3860,7015,8492,4573,6348,6292,7054,6049,7661,2030,8659,8446,529,1972,3095,2546,123,6182,4177,7290,4059,5755,6788,5625,3874,2089,7461,6880,1311,
22,820,3482,5077,487,2459,2242,9490,2790,8639,6060,2520,6272,3446,5993,1190,6199,4491,8071,4859,5140,9748,8395,
35,6812,2381,5934,4751,3322,675,6212,7541,2843,5904,323,8325,7466,5425,943,4047,2808,438,2362,8212,3739,2421,4920,1481,7857,8748,735,1820,4297,6833,8782,5561,2681,7649,5255,
37,5371,929,7096,4436,8745,375,9537,971,5683,6395,9936,6553,4185,3784,4017,7597,9634,5035,9690,8794,893,5064,3849,2975,6760,1033,2566,4959,8893,3045,3607,7843,9698,8060,9971,7903,8941,
31,2921,9872,6214,6959,2858,3519,1644,2562,4889,7190,7614,9412,6574,387,5405,3415,9906,6763,6378,1439,965,4845,2684,370,3732,9373,8742,7524,7754,8533,717,
37,389,1187,9104,8566,4034,8162,9625,9149,8206,6206,6780,8334,4180,3390,2204,9250,643,7044,1950,4740,5565,8155,8869,6193,7535,1335,3163,9253,942,9766,7746,9124,2706,587,2031,4690,1268,
18,2822,8849,9031,8781,3855,8701,4391,4358,8687,1895,7111,9495,6015,2558,1188,5306,8279,490,
43,4611,482,6610,271,678,1414,2868,5315,8588,1242,4124,2474,2846,219,5281,5782,4761,2225,8401,2327,297,5810,9419,2026,2596,5672,1613,5605,6571,9972,423,3374,8197,1446,5317,2075,2215,1638,5836,6173,6090,1851,3116,
20,5634,9445,328,2855,1220,5396,9235,7068,9283,5027,2757,7476,1216,7647,5812,4320,7617,4518,1369,9991,
25,1408,5673,8026,49,3380,6177,3847,5742,6233,1668,1259,9303,9739,8185,3495,729,5104,6075,2341,6365,7595,9778,764,6732,6240,
18,3155,1942,2152,9606,8120,8368,7028,9448,1661,2287,1623,7573,7170,1026,542,4075,2751,5374,
27,8172,5030,3701,3682,8651,4304,9622,2794,4562,4931,8377,6535,9883,5911,6708,4031,9300,4601,1321,799,7267,5330,2424,6426,5581,6541,5844,
22,8044,7205,3656,4249,4046,4005,1604,1217,8910,5508,9771,958,471,5043,1343,7686,786,5719,9205,5009,6583,1177,
27,4467,8141,9136,7011,5999,216,606,6359,7061,9870,1081,3018,6296,1023,9792,1070,8866,7133,9746,2880,8449,7486,374,1017,1583,9912,2311,
23,6507,839,6778,4458,2305,5553,8936,150,6344,1280,8149,5098,7495,4972,8868,6031,3947,9849,296,7411,1105,212,8799,
31,1179,102,3209,9075,273,8697,6731,5117,6304,3680,70,3797,4306,9327,5568,1097,9824,5381,2978,7518,3168,2514,1881,8776,7968,8268,8784,7917,7502,9343,6121,
22,3883,3288,8177,9470,220,5857,8274,1302,5292,5603,599,7874,8354,1658,206,2336,5734,616,1655,5948,1665,8696,
32,187,13,1247,8969,1860,4156,7715,163,6162,2083,3304,3144,6666,7503,8907,1215,8106,8015,3003,6134,982,8370,6466,4934,4085,905,3371,1291,7657,4208,4255,9638,
19,2734,2993,3551,6699,6463,2965,8261,4983,2782,7065,2195,2908,9728,1074,5192,635,1331,7542,4600,
28,4115,5967,6635,5460,5229,4795,5435,6470,3908,7709,8189,989,2739,7623,6492,461,5827,9922,1476,6700,4999,1685,6704,4407,9767,368,240,3072,
41,207,5557,1779,9721,4001,4069,6902,141,363,1306,1622,3110,3637,3819,2354,9261,5202,505,2307,1488,9016,8048,1043,3052,6122,8643,6987,7269,708,3990,8838,2160,8520,1958,8516,1266,3517,5486,4275,2894,63,
23,9861,2156,9568,1835,2570,8193,5598,2873,6018,9179,5198,4258,3939,4826,1202,894,8305,8105,1295,4026,9064,511,9643,
28,3216,9791,7331,9856,7768,8256,7071,7345,2948,9035,2014,8630,5646,6175,512,4125,5622,398,2592,279,9946,9401,9298,5544,1687,3935,3469,2302,
24,2995,7759,4801,8205,3312,3238,1777,3871,5406,2318,1610,1317,4880,7432,9287,4633,3799,4464,2072,1697,8225,6055,9847,2296,
39,6440,327,9038,1531,6117,676,504,7607,1440,4692,499,2983,5290,6997,4376,3124,4428,39,2549,9683,955,7808,9405,5385,3056,9706,6678,8064,1814,7749,2655,8326,7454,10,6848,5225,7568,4956,4965,
30,2368,8315,5008,8624,4137,6280,5975,5189,2763,7387,1395,5480,2100,359,7701,4043,4164,1844,4806,9142,579,8126,1374,6317,3719,6029,3305,3006,9724,5208,
27,1813,5241,68,7744,6874,7349,4040,3035,9309,1680,3310,6238,5648,335,1456,7069,3473,5242,5636,3394,4541,1232,607,3712,8965,2478,6311,
27,3873,7511,9747,4910,9640,1822,6826,5925,2470,9500,5869,2004,1552,2475,3747,1403,1736,4554,7064,2650,8209,2816,7977,1550,7094,1136,7978,
33,2870,6808,5532,5632,6844,4529,7976,5875,8913,9909,4454,4684,3131,7404,6178,5913,1144,1460,1744,6741,5820,1469,4970,5426,8707,5186,8259,6387,342,7943,5629,4977,75,
26,5482,3265,2785,6284,3780,1370,7869,5071,3481,972,7209,7522,5847,9007,6432,1457,3599,1887,2387,3499,6140,8380,9639,9774,2789,1551,
29,8078,1568,2890,9382,8992,939,4048,1245,4900,7401,9231,7377,9654,1244,5727,7172,2181,9341,6095,3561,4517,3652,7261,5215,696,6149,439,7608,5681,
24,8725,4804,8730,4765,2350,6822,7513,7078,1329,7771,6672,5834,8337,7803,6353,7103,5631,5640,2602,5563,2461,8706,6169,4890,
30,5604,4433,5886,3306,1969,6464,3347,1804,4799,5474,9871,394,1630,5442,3356,5716,6996,3250,3605,9325,7737,538,3408,5003,6195,8229,9802,9799,5392,6614,
34,9141,6600,7219,8693,9961,927,6849,8089,2502,3136,6510,7025,4813,5132,2759,6591,2631,2111,6807,1845,211,5272,988,4154,9649,2317,5576,7139,7669,5091,2385,7422,3876,7593,
21,9601,1831,1704,2323,7667,408,9477,938,2333,4912,6335,8077,262,5813,4490,2938,5667,5950,3038,8385,5707,
34,8346,8983,598,4248,2212,7185,5570,8123,2286,1092,5687,8808,9363,1709,8769,2539,7282,4749,2121,4914,7973,95,5409,7673,1743,8571,8705,8300,2726,5663,8195,4866,8774,24,
32,3516,4494,1805,659,304,1210,2531,2950,6385,3603,6743,4839,2034,7196,6220,5001,7994,5479,7127,201,8208,770,6289,1957,4664,7322,8978,2585,966,2431,2783,7899,
36,3153,804,5475,1505,7651,3544,1683,4647,7462,9482,3863,5811,1908,527,8892,1045,7336,6098,9501,3094,8435,855,5428,5450,92,3046,9928,154,6896,9102,9775,6917,3307,8881,6702,547,
31,9058,445,9826,2916,3643,2633,9773,5368,134,5861,4550,871,4665,4500,753,9116,3975,1490,6026,3616,6946,7040,3869,7961,8173,1696,8531,2787,5589,8188,5172,
40,8786,2202,8400,1037,9120,9362,4460,4547,4081,5874,2316,3065,1102,9707,1873,9355,2245,7218,4434,633,3261,8570,433,5920,3206,1384,6126,6852,4265,2405,3661,1811,1576,6327,9765,5678,8619,4963,7850,7470,
24,7674,8232,333,8961,1556,4442,5461,663,3651,2542,6434,4689,6085,7328,1483,5230,6321,8223,8341,6471,9011,9271,3089,5586,
35,3592,551,9891,5116,238,6676,177,2001,8581,6523,8262,9655,1166,8755,3585,2979,9783,5250,6370,3338,2377,2905,2162,7987,754,6506,749,1634,4222,5937,2268,7631,2516,7772,1653,
29,4904,596,4507,7335,9352,8549,6584,7032,2373,6993,986,4743,9845,9672,920,8550,6924,6724,588,9711,5518,3219,6688,5173,7281,9759,2885,5690,7194,
22,3425,4506,3236,9288,1014,3201,9129,2280,6230,8004,51,9720,4818,239,1642,6145,9292,7732,7807,1298,6441,647,
23,7782,5679,1492,7439,1442,8012,4627,2771,6652,718,8861,4139,5884,7547,6734,4755,2340,1974,5725,2703,3041,731,2990,
33,42,2086,8565,1462,5,3118,9629,9489,383,539,1763,1513,897,4426,6981,699,3521,6769,8789,4908,3208,6832,1393,8658,575,2275,2448,8574,390,8374,8539,6498,4345,
27,3766,7918,665,6888,1175,5739,8211,6531,9376,689,3487,5770,5420,8859,6968,5799,5445,3614,7505,7683,9953,5161,3962,1540,6008,697,8465,
24,5014,94,6265,6407,7699,5478,1178,1521,6912,1603,7824,3553,8599,5026,5614,2407,9214,6736,139,7211,7594,983,859,9948,
27,3353,1769,3496,1924,9702,9147,6922,9223,4302,3745,3297,8182,1354,3212,8578,9867,2484,5807,4686,4899,1663,2172,2476,8622,7796,6491,2504,
28,2182,7720,5881,589,3518,7249,2346,8711,4903,8111,684,8958,9986,3335,9375,9818,5329,831,9177,6147,9668,2837,3574,4054,4815,6907,7508,7004,
28,493,8183,1807,2253,1241,6657,5574,2101,5218,5074,5023,4374,8253,4544,9526,353,6712,3596,7428,618,5179,3751,6181,9968,1079,7050,3048,7690,
29,6781,8372,7115,8851,3385,4560,3036,9754,393,8234,6112,5587,4251,1203,6221,5769,8147,9127,4785,5100,4223,3125,9040,1581,1906,3000,6071,8682,6159,
18,3183,8019,9159,4447,7529,2767,1398,3953,6566,4221,1898,9630,7121,5936,4995,8011,9828,2776,
35,3709,2517,1768,8237,2391,792,9184,1229,4264,8641,6188,2055,5070,5550,4599,292,4551,245,86,1006,2102,9026,3597,7734,3841,113,4905,5702,3752,8241,4791,518,3071,3826,4916,
27,7245,5801,8227,1205,5247,8829,8006,3648,7812,8055,741,4906,3121,8857,5894,600,4288,844,9479,8508,7092,2376,2491,5946,1874,7164,5736,
34,2600,8152,5476,1100,2186,1417,8890,2746,3949,8478,4521,6538,7091,2928,3494,3622,3941,1103,2324,7750,7733,5775,3602,5986,9901,7266,7254,1274,8918,936,1916,2267,3531,8114,
24,3117,3581,3681,2252,9027,5706,9494,9540,3037,9183,1314,115,8109,1075,4744,5203,7302,826,7933,5657,5711,5257,2487,937,
32,1826,7132,1196,1597,2049,4186,4315,3275,5700,9372,6352,5504,3514,8722,7146,270,6837,7630,2043,3327,6035,2074,857,2618,7730,4714,953,6974,9941,4901,9860,7264,
32,4974,8447,9951,1890,7392,2937,7592,9798,409,7863,8437,2076,5530,4293,55,6892,1858,8843,3805,9659,8702,3967,5338,4971,5684,8102,6101,6420,6579,8165,2678,5987,
31,2150,4960,8543,9257,2755,5705,3587,9395,2135,8673,1897,4988,557,9959,2939,9560,5394,3088,326,7640,707,9137,5164,8359,5558,9041,4877,769,7970,9580,2107,
28,3190,5524,7397,6459,5251,4867,2775,5182,208,5022,7489,5670,2903,2404,4098,2319,5321,3221,8923,2054,6435,7246,2380,2985,2523,8631,9786,8618,
24,4172,9321,7222,9251,73,8754,9391,9451,468,5802,7710,8767,3178,2694,1762,4552,8272,3760,3810,9741,2895,5953,5921,3504,
27,526,1111,8698,3693,3618,1795,171,6985,4722,9762,1189,1431,2289,266,3825,9090,7009,6291,7834,3740,1543,818,65,6189,1533,4037,5002,
29,6190,5041,9933,6445,5826,9735,4975,8791,8264,8532,2984,2165,1467,4148,7853,5546,7912,6962,4654,3433,4528,8853,7551,9579,4422,7741,6625,7348,8629,
24,1577,3247,2482,9039,3671,5456,3266,2126,2071,9660,5793,3834,7150,7199,6204,5154,1471,1324,7954,6568,1869,4008,9517,7726,
32,4764,9696,910,1148,2384,9937,7110,7598,4229,7455,4444,1861,8840,465,1557,5501,8677,8989,3820,8534,1611,2453,6958,6023,8930,944,9693,3526,3998,1184,5044,2155,
32,7883,3720,6857,6374,8699,4629,6485,9899,6105,6007,8471,2410,5223,203,5311,8214,7884,7258,9233,6063,7532,412,9717,6285,5710,2575,6342,932,6316,7791,9950,5029,
37,2417,3832,7871,4896,2221,9258,3103,9356,8506,1299,2310,902,4885,8798,545,4835,6809,3674,3458,8942,904,6802,1338,2070,4498,508,4991,524,6116,9550,4210,8852,6825,9032,4571,9886,7048,
35,3187,962,8545,6151,2048,2569,970,4126,6369,257,1852,5509,5659,5350,3502,8775,7740,125,6298,1094,6417,8367,9316,1155,7736,3676,4651,1966,9924,9476,7604,509,1798,638,5021,
14,7324,1539,5898,7979,7870,4307,8526,8249,7285,772,2473,3773,5754,8596,
23,9435,3704,2069,4966,9967,7295,4123,785,3731,4015,2541,8013,5594,535,8161,7821,8900,3230,6536,1506,5240,3188,7907,
40,6933,6257,1339,563,7147,1095,1055,3373,1575,8410,674,2574,5760,9339,5355,4396,5838,648,2062,4504,4456,1544,8787,7231,2625,424,495,7143,6529,7198,4173,5190,4449,9004,464,8302,1786,7192,6842,3818,
26,577,8090,5195,8797,4476,9491,1056,9344,4090,866,2540,716,5957,5431,5288,7023,3964,9086,7501,6560,1514,4643,9404,3857,5988,8351,
26,3922,9662,9361,5726,2037,5940,1756,4104,2536,2774,6225,7531,1459,6484,2589,3026,5731,4240,2447,2564,5165,757,3217,4781,6490,7521,
36,691,7914,3104,2524,682,4495,1631,6452,1165,8488,8493,4497,9548,5018,5404,5839,1853,4157,1057,3432,8676,2932,3980,9789,9514,7498,640,7868,3688,8567,3237,6867,9679,4197,5674,6422,
35,9371,7606,8850,1670,3172,5566,1913,2429,3755,4858,6764,1089,1218,332,6856,4792,4382,2114,4865,4103,1213,8107,7017,9206,959,2934,9318,6108,4271,5728,6921,9030,3092,8753,411,
25,1434,4141,9887,2836,3735,5520,2298,8569,3882,2021,4095,9178,1320,2900,8142,8721,4120,5362,4220,3510,3015,2712,581,4947,3758,
28,7277,7855,416,2396,5156,8464,6643,833,6609,2207,4431,709,7459,4992,1664,3983,3096,183,2270,646,1450,9897,2638,1522,2367,9958,870,1363,
33,4071,625,3899,7986,5883,8634,8201,2322,9853,1980,1039,7415,1168,6674,1885,4414,1616,8396,6512,1903,9429,5414,1624,2079,1318,9450,9523,8994,5649,2902,2099,3334,2480,
29,660,5326,3937,9042,343,8790,8239,6686,4334,9187,3543,7300,6565,595,1376,9532,7567,6070,9348,8010,1790,7711,5521,2718,2510,9863,2731,9615,9866,
25,1579,5552,5503,5794,9732,6102,3746,979,4672,1485,7037,7276,9716,1381,876,5217,8287,2729,149,5158,9987,9422,3404,2620,9645,
24,3249,3181,1067,5377,3640,8906,4252,5244,679,1593,6309,7748,1477,7473,4864,4825,9862,8371,9729,4373,8762,8527,6797,9094,
23,4935,3503,5134,9966,1465,1373,8746,1542,5159,4575,5068,2230,6915,7388,7682,4883,1567,3916,2605,7008,4274,6650,1991,
26,6603,280,6992,9139,9590,873,5293,8668,8390,99,8028,5778,9162,9875,8822,6067,963,9539,18,195,8244,7089,4270,4412,2911,3422,
13,8709,3628,6416,8063,4567,4116,4892,4153,7288,9964,9060,4676,9609,
30,3039,7584,7487,8431,3501,5938,2013,4926,5188,3049,8991,9172,1870,8378,3730,4598,8886,9222,536,9017,5393,7083,3077,7373,3725,9521,1019,5902,8716,8788,
25,7643,9340,8128,7458,9930,9238,1707,1307,4831,8577,1971,4272,9812,7766,4021,1172,6138,2040,3685,8908,3004,6039,6109,977,3808,
22,1785,9718,5528,7698,8949,2752,3411,215,5000,8938,7130,7075,8650,7546,101,4187,8219,6201,4228,1119,9620,5273,
36,9738,6042,9727,8017,3476,2649,479,1275,2966,3079,1998,7278,9583,2547,1708,6191,8094,1941,4482,1400,4879,3787,7446,5607,3738,5264,3133,1500,7445,1947,6269,8240,2969,7049,4708,5789,
20,2038,601,9635,7031,9227,4957,3744,8848,510,1914,4072,8362,7758,4080,9673,1783,222,8276,500,1208,
32,9189,1125,3027,6234,9592,2169,7721,7383,3907,9648,8741,760,7526,305,4230,5790,3915,6247,6043,9234,776,5141,6957,3995,7101,5437,321,1001,5621,4771,4256,4361,
29,3636,4473,7030,7120,9772,2841,8050,8093,456,3435,3416,5417,4045,6908,9367,7557,8429,2700,7819,5458,3809,441,1447,9034,251,9113,4735,9687,6639,
45,1808,6330,4259,6928,8875,1124,1608,4784,3898,7842,7790,3724,1151,1127,8874,6979,6472,3434,8877,7620,6362,3963,7385,3211,5373,5880,6487,4475,3638,2420,136,8703,3823,2987,315,1728,2308,9637,6532,5402,5805,1464,2041,1327,7921,
35,7080,7256,9366,3295,6794,435,9457,6300,3683,2788,9308,2538,8944,670,4726,991,9677,4617,7238,2185,3437,1537,9999,7635,8269,9911,5094,5656,8069,2366,485,5549,448,8731,7399,
32,3387,5583,6493,3350,6313,1042,3225,174,743,9051,7213,6224,9618,1553,9507,4232,2740,1246,8496,8525,829,6165,5469,8382,7169,8811,2537,2749,8891,4268,1864,4978,
31,4891,5919,6683,8586,2472,5522,8638,8418,5053,3675,313,168,3234,6033,6705,3484,2463,2080,3470,6530,5531,3650,1379,4709,5089,4283,5873,5342,5285,1738,8062,
29,7937,1824,8166,5128,703,6815,9989,1735,4515,6508,249,3028,1838,9002,6726,5541,4000,8192,2095,6745,2962,6909,7396,3779,2105,2634,2406,6804,4087,
23,2635,4852,6668,9743,9322,2018,2239,4489,3705,403,8332,3132,1088,162,2866,7166,3547,3985,7729,3474,6142,2925,3082,
33,295,4349,554,5537,667,3950,1675,6322,7239,8609,3711,5781,7989,3108,3978,5842,9262,2899,9156,2379,7971,4301,8444,4209,3768,7342,3224,5391,9374,7477,2778,8953,9555,
20,8995,2335,5815,6003,8500,6069,4564,1935,6115,3507,9483,5643,8921,6526,4269,2956,3057,7908,9770,6627,
32,78,8453,5324,3367,6910,6658,3722,7203,385,3830,4452,2175,9270,472,358,400,9368,6697,2120,3488,5803,1963,7859,3370,2208,1008,1153,9082,809,9342,447,900,
26,5046,377,6319,4909,9224,3764,2687,9310,7761,5175,3989,8734,3315,2577,8821,2998,6719,7001,6895,3054,4202,650,7095,9602,8164,8392,
28,7576,2765,9756,4181,5318,3558,3195,956,252,9442,1304,1269,204,4289,3020,9249,1797,2260,2092,6354,8348,3684,7692,58,7500,2023,7034,1716,
38,2586,3902,4878,2003,3264,1740,1600,15,5353,7671,1243,2960,4140,5124,1920,5905,6386,6735,310,7114,5817,9455,4340,3512,3013,507,7274,401,4536,712,6239,8433,2884,4820,8916,2616,8412,4625,
39,5500,3911,5895,6363,1855,605,6767,3917,3619,7441,9254,7610,2986,135,8215,6998,131,7353,9426,1502,3253,9843,5933,1479,5776,1937,1943,6920,8935,4981,6161,5849,4923,9383,6955,2810,5644,7887,7641,
26,8854,773,1285,8710,1554,5867,1238,1368,8728,157,4862,5737,5493,3885,3890,4704,7003,5060,4324,455,7991,5344,9927,4793,7718,7492,
16,5262,6245,9811,7485,4019,3771,683,1828,4738,4406,840,6828,8672,5184,5593,2094,
40,6056,5454,2854,6885,8669,7402,1515,5868,571,9263,3215,5055,4292,3743,1319,8605,1856,1927,2187,6396,5464,6777,8163,4675,3749,4427,2621,5722,7224,4336,2483,2398,6324,1474,6709,5432,1559,3913,9932,2936,
42,570,9997,3160,8561,5889,7982,5207,931,8530,2435,5610,2797,5457,1132,7784,4888,4691,2989,1427,2382,7663,6948,322,6429,9217,2845,4829,9381,917,2889,2432,583,7829,255,5047,6081,5364,6355,6886,7817,3554,582,
26,8858,5388,3630,1422,1441,4323,5079,3151,2179,4178,2852,5080,1176,2761,5006,367,1877,9576,8729,2691,4291,2088,7900,9838,3232,5107,
35,2440,7175,7380,8625,5675,5942,1131,8897,185,5167,5157,6919,5108,1418,5427,628,2800,3942,30,3269,1667,623,2551,1504,6380,6226,8764,1169,8321,8,8457,8695,7520,5380,8986,
41,2772,1599,2241,6461,6237,4739,489,9803,8726,3272,6027,9393,5596,5084,5637,420,1493,9228,865,2153,1128,5689,5265,4534,6124,3184,3728,7314,6943,2357,166,8290,7424,1615,8479,8887,3570,1954,5823,7341,2338,
35,152,2191,8971,6556,7116,5783,7405,3156,5058,8150,6615,5322,8042,1948,6137,603,3721,3672,4448,9830,3754,8973,6132,6733,8635,3996,3352,160,6366,8117,4381,9474,5877,4097,8945,
33,7833,9246,9695,227,2963,6563,7952,2279,8349,9821,7247,9334,9264,4902,1931,6528,6695,774,2192,5891,3282,5025,6281,7252,3239,3527,4746,20,4895,126,7534,9827,5211,
24,4189,474,8952,1152,1558,8876,6037,6436,3608,6367,7549,5578,8124,4277,6749,3896,8373,4365,9641,8779,3214,2456,637,2217,
22,9106,7760,9417,40,7707,9751,906,5436,9694,2428,3700,5752,693,5259,8901,4786,9701,3365,1463,4968,7182,9335,
28,3042,5595,4802,8356,9755,9627,7374,597,360,2590,6585,9278,3889,428,112,7271,7438,8692,1979,3140,6926,9062,5019,5372,3872,7837,5562,2630,
28,7995,6897,9506,5949,6710,4639,3821,5170,8001,1883,2415,6665,7792,8759,3567,9299,5037,3837,6127,5283,5620,6818,661,5110,6881,4685,2386,4512,
29,1048,3505,2777,3524,3455,3150,1715,5138,9599,1028,3242,6215,3453,9769,3828,6863,2490,8664,5243,7128,9903,517,3655,8768,1801,6952,7886,9358,8307,
20,7148,4805,7358,5263,2768,6793,2247,5434,4281,3850,3515,778,9703,2897,2416,7685,5087,4624,2597,6838,
32,7318,4523,5944,8415,9033,8584,7359,4519,2935,9800,1726,7102,5248,2951,6759,2941,1240,4863,9000,176,8112,1812,8803,9947,1015,3601,4339,8216,946,8314,4014,5885,
27,4119,9360,1956,915,4807,7180,949,3541,662,941,6747,4385,1253,9499,9314,868,1524,8144,2408,7171,4750,5956,7676,4234,7913,7398,8922,
24,3123,3991,5997,4018,3033,7988,685,4687,1371,331,4511,9365,9103,1,5013,2309,7410,2628,2773,4810,4439,3870,7559,2388,
27,4052,7297,5903,8053,817,7323,8751,1276,2439,167,2637,6978,7062,5413,3286,6670,1453,3639,6120,7632,3718,6514,6637,5543,7923,3901,1921,
24,5777,9248,810,429,3268,5784,3318,5253,261,1011,3300,4201,521,822,8330,9118,4471,7265,7909,9807,7964,5641,3066,8771,
18,3590,5383,5721,8885,2853,2433,8920,81,1411,9133,406,7431,7027,1775,2702,7504,9663,9686,
30,9488,1846,8297,26,4655,6421,4589,9439,1904,466,3241,1489,7589,6044,6827,7550,7250,3689,5234,1018,5571,9977,1378,4367,6465,6076,5650,4698,9558,2436,
27,4753,8607,4773,4716,9286,2036,2644,2654,1435,7815,3379,7122,4290,7939,9218,1929,916,5848,3378,7665,9613,1211,4680,9015,2565,9918,5723,
29,5057,2583,6640,8481,5181,2677,6341,3480,4703,7308,3063,6502,9453,3461,1392,1848,299,1654,1273,2580,2073,2827,3115,8785,3862,9700,1648,7747,2084,
26,5798,4246,9787,35,425,8541,7202,9994,4003,7163,4630,3441,9931,7058,6083,2988,72,9319,4462,7444,8014,7074,6774,8763,6761,1361,
15,5465,7343,6231,3698,9236,2622,6684,5611,8814,7882,4851,8489,7622,8217,118,
39,6197,1191,3833,5751,9115,4084,5051,5797,6218,1555,4941,7875,4168,373,7131,3430,2606,8222,6187,2560,4215,4011,6624,1409,8610,6146,7585,3031,2871,4206,6477,4572,7389,3349,4516,5928,7533,7839,2016,
27,6669,2442,16,5668,473,4758,8000,380,5969,7660,1007,5384,59,1402,4985,6601,998,5642,6649,3319,2929,8133,1748,9294,1523,6542,8816,
42,1788,552,4803,9175,8074,3391,2358,9963,2295,706,1677,4487,4809,5168,5935,9126,8967,4565,4921,6129,4295,6024,4779,2032,6721,3180,9424,7033,6006,96,7167,3244,2174,3578,3478,3351,8660,7934,9255,5666,9914,1793,
26,9014,3240,9942,6092,7020,5066,7450,644,5106,8260,4833,1933,6893,3251,782,1829,2982,4525,6438,2798,478,6739,5792,4362,5358,5286,
25,6340,9594,5941,9408,4535,421,4408,5400,7259,8285,5759,9272,1888,9425,9461,7155,3960,3109,1005,978,47,2189,1672,5859,2994,
19,6570,2672,3929,7894,8833,132,8266,980,5998,3284,3812,1294,4218,8200,514,5590,3852,2829,4188,
26,4967,2146,5492,2,5296,7227,8812,3254,21,5600,7344,6757,5252,9674,8480,3891,604,8158,64,9595,5977,1101,8301,5618,5204,9577,
26,7851,2607,4994,8049,2430,8176,2680,6860,2525,143,9050,379,6064,1565,8825,8474,3032,129,2721,5261,2819,205,940,714,7214,3645,
32,395,7216,7752,850,3733,2061,5235,3176,1620,3313,2320,7043,8686,4925,6399,5015,3389,5730,6439,5924,1135,1673,5422,649,824,5507,7861,6663,8819,3279,5178,6051,
37,138,6425,4214,9076,2701,3854,4942,4734,9885,9220,4828,4724,3785,9970,9281,1349,3925,2651,2943,9835,8832,7105,3364,8391,5962,1905,815,2193,14,3270,2927,8772,1227,1601,651,2493,5033,
27,3815,436,3471,3598,2815,5424,8154,6446,9084,8679,2281,4174,1085,680,5720,5505,2321,6900,3626,7897,8045,856,2481,2781,9607,6647,8470,
31,6599,3440,8835,6765,4169,3149,7798,6973,3582,721,5619,2468,5348,5896,1340,1423,2724,3778,3449,7056,3609,1171,9312,9596,8041,867,8535,9208,8987,2123,4659,
26,8267,1060,9304,590,3417,9954,5821,5749,8213,1118,884,241,3093,1107,1356,9834,8888,1497,9667,8747,8802,1396,7106,6216,6632,2249,
28,9543,3179,9940,2147,5714,2673,6500,2728,4205,4524,8689,987,8145,9057,5270,6963,4027,3973,8459,4876,6259,5341,9101,6972,4411,3653,6564,2530,
21,5588,688,7448,1976,9745,3122,2595,6253,6398,7588,4351,1535,1536,5076,3113,4146,1584,2196,151,9036,8632,
24,2849,306,5336,4067,3951,2591,620,324,7813,1265,4609,364,5871,3296,3223,9259,7862,5922,1586,8846,7713,5660,889,371,
40,2265,8504,2604,2614,7286,8046,365,7679,8328,4134,6716,1879,522,751,3926,8780,4276,981,4051,7626,744,9647,6839,5750,7530,9503,7303,4105,2626,1254,8940,9143,6068,1727,2306,8360,845,3399,6479,2507,
28,9988,3775,7638,2693,5308,8421,9955,4950,4387,3090,1996,1639,4341,7835,9917,9575,5767,2695,8031,6877,9985,7624,8704,6004,6219,6383,1617,2157,
36,7662,9814,9336,1021,4279,4,5105,9122,388,8984,3276,3200,4463,5099,9569,8408,4733,1900,3729,6248,7332,3706,6631,4020,1975,2844,3289,3457,2904,7764,1928,5559,2007,6755,6135,7234,
35,4616,1573,8286,1842,4053,9097,4730,3443,1222,5601,1647,5169,7188,4424,4112,5191,9387,3418,568,9653,4836,4946,4819,4404,3945,7716,3087,1388,3591,4409,2046,4783,4681,2400,7272,
27,3491,6227,330,2145,6283,8439,2914,6681,4976,4745,8462,4694,4945,6707,6814,564,8813,2389,4198,7119,9148,3196,4881,6830,7911,2103,6148,
23,602,9850,2365,5990,164,5496,686,9780,6486,3806,2692,5205,3615,2216,8113,2443,2784,9176,4326,4360,9557,677,6722,
28,9392,1141,2795,144,1138,9974,8442,7621,5852,7081,8972,7236,1195,812,6939,2676,631,7067,7168,9195,7113,9245,5494,1478,2363,7799,3994,2896,
34,3171,8934,1250,5258,3702,1961,5323,7361,7675,2142,4640,4325,7077,580,6628,3376,8997,801,5602,6469,7599,8340,7945,1982,6489,7619,4741,2250,6986,7453,1316,3083,1791,2582,
27,1764,9538,4996,2930,9484,2992,6099,2801,1174,3865,636,1988,5304,974,2124,8801,7479,1649,3564,3539,7425,9684,8985,8058,3979,6320,8932,
25,9581,4830,3533,3694,7230,3903,7960,3667,6186,3912,4025,1792,7046,2878,9370,7596,6375,8883,3343,4438,5853,4451,9965,7562,1930,
28,586,8184,2332,6150,9621,779,8441,7142,7916,2457,9338,7305,2931,8318,9087,2646,4873,9091,4280,9119,1063,7888,1351,9509,1563,3666,4484,9225,
16,1386,1271,1909,3836,1430,7878,1694,5382,2009,1960,5162,8963,9188,796,6680,1154,
43,1574,281,5516,2747,6753,93,9241,8828,107,87,5661,4002,1405,4430,6873,2019,6414,8990,8498,8860,8135,5199,2411,8331,2294,9508,2732,8554,9065,344,9112,3493,2953,3959,617,1263,8792,3800,5294,6806,1690,1508,9982,
27,6613,5147,5771,7151,7161,2578,9079,3259,4247,925,1871,1516,739,3146,52,1416,355,1116,1878,7666,453,6052,4590,4337,2814,7654,531,
26,4759,286,3679,5153,1197,7176,2710,515,1002,838,3920,1636,8291,4725,2515,6346,2598,5078,2035,3838,4850,948,4721,3381,1946,6246,
27,4114,1130,3972,3291,615,9267,5279,2534,4317,6701,4843,2792,742,8563,8521,506,4979,5872,5232,9819,836,6932,8640,2288,9438,9697,6575,
42,8424,9925,6931,4543,460,8445,899,4231,745,2762,6328,4193,6357,2132,3105,2116,7018,5114,4149,9587,4555,7292,9671,4023,5139,6054,2081,284,9605,3426,2779,6022,3958,1705,573,6390,4699,7655,7471,6279,8180,6405,
23,7320,8299,6497,1139,5166,4542,6263,8458,6208,8560,5606,5220,5056,1710,2875,6019,9472,88,6801,3498,7583,1270,8061,
30,7609,4397,5031,1985,8783,7990,6813,2699,1650,2842,9763,7112,7237,8691,2462,9021,3864,8428,9331,5824,181,8895,4940,8416,2670,8110,2467,6012,8715,9784,
26,6392,7590,5703,6754,9428,4887,5863,9864,4089,6331,6847,4869,9247,5830,1003,8455,8591,6388,1832,9588,8773,5487,2131,2492,2669,4038,
30,7633,4671,5136,1862,6155,6504,6205,2832,5523,2064,5277,9976,8666,3879,4402,8426,7099,3204,6689,9896,2047,8198,7325,8720,3414,9132,3154,9074,6325,5275,
19,7653,2996,9820,2244,8872,2058,422,7612,1498,2708,2219,8023,8288,9626,4705,1470,4224,3589,7537,
34,6130,3075,7569,7084,2140,4717,919,1300,7974,4314,6738,4492,8190,3927,9935,1495,3231,6110,1955,104,808,3459,892,5515,7553,3687,6360,501,12,9916,3148,451,1766,4331,
19,5835,1752,4122,2168,3844,1059,9689,7108,664,6194,1501,6713,4592,8270,145,9071,8743,3634,5410,
23,1415,726,6970,82,2499,5090,9173,4064,8815,1934,6829,8855,1919,3801,6905,5150,3880,5145,2356,3900,9610,849,8548,
38,9168,1833,9584,8327,7543,3845,6278,630,1787,190,7927,4388,6277,569,4577,1214,5766,5579,237,6811,5122,5073,7007,9736,7702,8283,5103,5389,5328,9171,668,4366,8203,4138,6667,5536,6865,5970,
30,4077,5097,854,3050,3762,8347,2050,7928,546,5828,5533,3228,6079,6403,5899,7070,761,890,267,5155,3586,5017,1841,8955,6654,4532,4811,869,5269,7134,
27,5233,6720,9019,5333,8052,6816,308,5176,1759,7275,2913,8350,264,6450,6850,6831,293,6517,5180,5764,77,2269,41,9934,5375,7270,4063,
33,2711,4057,8778,9646,7728,6622,9708,9793,5352,5347,4375,8482,5495,9066,9345,8303,7506,5676,346,459,8323,8306,3014,9710,4580,5466,7362,8898,1106,2791,98,2561,9410,
27,9328,1364,5545,5534,2258,5052,397,1784,3427,1194,3742,5282,9628,5200,3817,9833,858,3594,4372,7879,8411,4468,6636,2065,7856,3940,6094,
27,6229,9589,2418,4311,5912,5860,6971,1836,290,878,3277,715,4212,9564,9276,5692,8587,6768,9801,3017,4242,6467,4505,5359,1682,172,3375,
31,3452,3258,5564,4151,229,1676,5440,3584,1292,947,3073,1341,2292,2259,9005,8056,9611,5753,9226,1755,4013,6593,7658,5452,1686,6662,3559,9715,9705,4384,3906,
33,2098,2091,1040,6983,4718,5744,5351,54,7811,2122,8617,6515,6252,877,2666,4199,8761,7118,6945,8882,1382,7200,7366,8626,410,4927,8275,3218,9731,6266,852,8744,9895,
15,1753,8432,1410,9836,4874,2735,3010,2314,263,1789,847,5864,8585,6404,3173,
28,8598,4760,6001,8118,7496,4514,392,7419,1233,7082,532,5768,6773,2325,1618,8824,5249,1044,225,9135,4161,7233,7831,7053,9996,4162,2229,7628,
22,3384,3665,8678,6756,794,1602,6268,7355,7443,1847,863,4421,6940,6045,5498,2690,4987,6964,1071,2668,4821,8909,
22,9561,4166,2599,4937,7464,4736,1145,1936,8035,4378,6706,369,8420,7684,562,7372,2812,7717,6929,9244,480,2059,
29,1377,7984,3460,7694,404,2166,3881,8518,2522,3058,5429,2068,8087,5246,1823,1984,146,4608,3141,6408,6916,4479,5491,6217,9873,5473,6496,2518,4915,
27,6423,2830,1437,2940,629,7327,1674,3528,3479,1149,9182,1219,1223,2683,1358,4918,5732,254,8796,7184,4719,5267,3588,6251,8265,7996,1627,
17,5354,4303,4568,6890,8293,8663,6192,8926,3271,2821,9567,5415,1806,1072,5011,6,9563,
36,3511,352,6200,6925,5086,6255,8681,2057,5446,7406,6419,5748,8365,2613,8499,8593,8939,1894,1142,6338,3034,1114,1046,4493,3525,3576,1606,361,9929,3485,6645,2764,3309,6397,1010,9045,
31,8948,9868,3302,4286,221,5499,4298,5360,1917,3439,2877,8255,9528,2290,6558,3294,8467,1782,9879,6694,5888,3483,316,7440,1279,2264,8146,2261,6798,6028,3946,
42,175,4469,8027,3405,338,173,1865,4642,3631,6612,8604,3174,8616,2066,3303,5024,895,5994,4546,9290,9047,1352,1413,4614,8139,9852,4847,1013,9676,6853,6805,767,1669,3424,5101,4961,3468,282,1503,5930,6587,8387,
32,4466,2874,6032,6123,3783,7240,9107,926,2161,565,8655,5490,5121,1688,5514,7012,9430,7126,6698,3377,2753,2108,2445,9998,3690,8101,6913,1061,783,8187,6673,624,
20,9858,6671,7636,6554,1064,3340,1802,8562,3298,4713,9196,6323,8867,5688,4035,9551,121,8770,8670,4747,
30,4398,9692,1186,2557,276,8080,8282,2343,7467,7915,9790,7931,1810,5133,6409,2243,4245,5143,7057,4849,1529,1859,4531,9829,6264,491,119,6810,2494,3748,
17,3877,9243,4091,8494,5433,4457,8238,9658,1767,133,2610,148,9275,4731,6511,8194,9604,
43,9111,3235,4660,3410,2138,8572,6057,9059,996,8912,1301,6690,5403,1226,9110,3392,5647,7906,301,584,109,8512,9185,7242,8713,7681,8425,700,3193,8221,8336,9796,7357,2750,8397,9511,4790,8830,6442,202,2719,6207,9154,
33,8653,5952,8540,5855,5506,5856,1643,8122,6183,7423,1173,9794,2419,8614,2299,4812,9823,5708,9396,3621,2344,1510,3257,3397,2486,44,7154,2393,1305,9023,3540,6271,1397,
29,3256,5837,8134,3757,3292,7436,2489,8258,7727,6606,2760,3456,567,4882,999,2660,3248,7129,4056,4595,7920,8451,8633,9099,3710,4973,2119,950,7414,
29,2584,1587,6543,336,7232,6125,6389,8517,2158,1882,2056,4693,4853,7241,5616,7293,5572,3497,4626,8021,442,6901,990,8750,3030,3668,9544,2952,8694,
30,1595,6729,8083,4650,8438,5968,1907,9190,2137,1794,9831,7375,6128,6427,995,4958,5059,6862,6302,4763,2723,307,2639,2087,6875,9237,727,6642,4253,9680,
30,3875,7642,9957,4239,9073,8884,2609,3182,7369,3420,9554,5639,8486,5879,1754,9983,6646,6552,9008,5485,1234,25,9025,2627,5615,1115,8485,2371,6017,9556,
36,666,1425,5908,7689,7944,1133,9781,4559,0,8974,200,4241,8067,8448,7785,7983,4401,1069,2825,3290,4748,6692,7962,6644,66,921,8951,2579,3910,9398,1385,2567,5569,2067,1739,1993,
35,2223,8057,5049,5127,5349,5020,1016,9777,1236,7038,4638,6256,2909,9952,6976,8294,4603,4167,7378,444,268,5655,9597,4508,737,6899,1891,378,3816,6332,9995,9330,5591,2254,3227,
20,1572,766,502,2051,3126,53,6516,3001,1750,6634,2642,2511,6412,8352,6114,4423,7953,6742,7779,3466,
23,7006,8568,1772,5669,6748,5082,9752,4152,1592,1198,8454,9939,793,1889,9993,6914,3794,6581,8333,9661,8514,9109,6371,
34,3782,7235,1049,4455,2154,3346,6990,8968,3791,3336,7753,7370,2891,6878,4371,4244,8837,3571,7591,5212,7514,5357,5335,9114,6047,8522,6776,5870,3931,3529,5007,3159,5280,4300,
33,8595,4501,9131,4219,3536,2085,1681,2024,8865,9456,5163,851,1944,9733,7291,4579,4667,5800,3897,492,2949,2006,7836,7093,4928,2002,9009,8902,9894,5609,9573,7806,7775,
33,5455,9194,5984,2304,8756,7201,8911,6727,74,5146,4204,3398,3786,8804,7273,6270,8156,6297,4225,4563,1455,723,5408,347,882,9542,5712,6235,8167,7315,6065,3024,1778,
29,4574,8366,4769,6258,7724,3811,7867,3,7330,7743,8917,6449,4919,2148,7321,2235,8752,2576,7565,7480,821,7810,192,467,6059,5918,6947,5054,7540,
31,1109,1038,6623,8594,7538,8602,7352,790,4652,2924,2355,5289,4132,798,3944,2369,8007,8871,6072,6119,4623,2272,3112,2104,2211,621,7280,5430,415,9388,5365,
32,8039,4701,1407,108,4327,1140,9612,3462,7603,3243,1671,7195,6228,9,4106,3325,2521,8230,4837,3822,4016,2455,2285,7644,5582,5685,2796,1181,3663,5551,2528,4962,
35,3968,2090,3316,6402,6520,7482,4597,8005,7393,7664,4929,3565,3199,2171,2811,9174,6792,4787,5194,8361,7582,5651,6066,7956,6478,9285,9170,5276,9642,1288,8024,1473,7688,2879,233,
25,1641,9213,2813,3921,2228,2933,1267,1863,952,6444,1020,7036,7672,2052,5419,9239,8608,5034,6633,7805,3120,5453,7936,3767,8311,
27,8339,1712,5529,3914,7367,5724,813,1585,9390,802,5978,669,5746,5539,2425,1720,7350,4924,4159,488,8059,8104,9652,8084,7804,7100,1323,
40,8551,6557,7475,4917,7279,7488,5390,1000,1799,2262,1147,7696,7013,386,705,3222,8419,454,3428,6949,4668,885,2641,8473,8600,3029,5120,37,5599,8823,6577,1449,2737,8402,2999,340,2968,5779,2907,5320,
18,9688,4797,7026,1745,3396,6864,3557,320,4377,3192,4641,3545,5951,3924,4982,6659,4848,8136,
45,8946,4661,7494,1113,2769,3867,3992,6876,5102,1547,7880,9394,2738,6236,7755,9186,2028,6185,2647,258,7554,8231,5833,2342,8688,169,4328,6714,1780,9473,9199,4770,6525,2438,1077,898,5665,6782,9633,8247,2505,7801,9505,1990,6014,
37,4768,8364,8143,2394,8417,8178,9795,5369,4588,7605,6361,5976,1104,4898,4582,6927,2859,8066,1482,984,9734,8497,5927,4357,875,4405,3736,9083,9938,9926,4445,6903,2374,6103,9320,2834,4257,
30,9351,9742,4989,7449,2232,3568,6350,639,8168,6653,4893,5741,8095,5733,8863,7311,9013,9291,4510,4450,5300,1731,8043,5715,4150,4196,8484,891,3956,7997,
32,2603,7138,7901,8654,3932,6242,33,5201,7491,3888,2077,8601,3552,1517,613,1571,9570,6884,3714,6937,469,3467,4913,4352,8068,4875,7066,825,6737,4539,1289,2451,
31,1387,5149,1491,896,7416,5448,5910,784,3804,704,2301,337,7587,4578,9295,6443,2159,8054,9357,3909,4666,7152,6431,9100,9192,6537,1868,4644,124,1635,4347,
23,5955,3128,5069,4710,309,5654,7773,243,4348,4435,2397,1695,7340,1225,3068,1065,6923,7818,142,5065,4556,819,722,
27,3198,275,5965,61,7144,4093,1282,5096,9067,4262,8931,6540,5577,1918,645,5174,1632,8199,4499,992,5745,4939,1702,3658,9379,8160,4646,
31,6096,2805,1062,7014,5917,2715,7985,6379,5693,1193,1549,886,8611,6174,6100,6376,6758,8271,1656,8233,5271,9541,4333,9904,9080,3840,2915,9969,6588,4576,4329,
33,7566,528,4777,2293,4227,2167,8413,5854,6143,9207,4930,1452,1819,3692,7181,1336,8171,100,5573,8491,8800,8662,3255,3189,5762,9722,7512,8648,2454,6011,3354,4682,9307,
22,8407,6785,1818,3610,7087,4486,7751,6824,2078,6999,5963,5972,4299,7783,381,8086,6458,4319,3649,253,9962,6091,
33,9822,654,27,6482,5206,9515,9504,7910,5343,2509,7059,9029,2495,161,2465,4658,2977,4032,9280,4669,4453,5463,8403,6592,5932,5449,4176,4993,9221,5809,7951,5231,9423,
42,7427,5325,8740,7864,6655,158,1293,4393,1012,800,431,8642,7670,7390,1433,6460,4583,3646,5152,9359,5075,3895,2110,5958,7510,7283,5979,8091,1945,9468,6391,11,9691,7125,6499,7029,5717,3062,1399,4135,4419,7460,
31,4634,8406,3781,3573,356,2689,1837,1693,7472,3280,4857,3892,3407,4732,830,8847,3129,3999,2688,657,7451,9496,765,2588,8065,6131,860,235,2544,5548,7652,
25,750,9447,1192,69,232,720,3194,3011,1796,777,3321,6594,6521,4737,9169,8226,6775,4653,3853,1619,6144,5339,4203,519,2497,
28,2766,612,5756,7384,130,432,780,5580,1994,1322,2238,3741,5510,6934,4211,2733,8817,9656,6855,8344,1432,2503,6209,1997,3918,8964,2786,7577,
41,6488,9037,3331,1758,8277,1053,1760,9407,5177,8831,6750,1098,872,9750,997,7509,189,7005,3220,1068,8732,6166,7248,3085,8016,5992,1328,5981,4029,7998,4907,1527,8712,6136,6988,2828,5032,5042,2804,3059,6942,
36,3233,3076,7183,8766,4309,740,9350,9546,9975,3904,3513,7629,8477,2720,7919,376,8475,8254,9712,3213,6938,3550,97,5623,5554,1850,1949,748,9193,1580,8081,787,8228,8096,8879,3021,
29,7613,3765,9785,7244,3283,250,4370,7847,4774,4720,1589,2017,8278,9010,1621,4637,6401,6314,6381,8357,7627,4216,3750,217,396,5092,3421,7722,9600,
30,6021,3632,8513,60,4933,734,5763,231,1249,1052,8422,559,3657,9893,5567,7310,8757,4509,3293,4842,7,8836,1815,2883,3406,3633,5897,9882,2213,5517,
29,1359,7395,6250,1776,5829,5945,9044,274,2312,6725,1156,4441,1058,8612,7646,1157,122,2964,634,2533,8981,7930,3197,4762,4767,7165,9768,7456,5638,
39,8544,8121,8870,7060,1123,1257,3851,9533,8076,3625,2375,4432,6740,6010,4294,2973,9414,6213,7564,3301,9024,6306,1161,5806,9709,2113,6685,7762,7786,8557,6241,3691,3613,9028,8308,4380,6626,1099,470,
26,7822,1512,8073,1421,1024,7253,9242,236,8914,7981,3535,2754,3357,9210,9305,3699,8962,2991,9978,6305,3138,4354,4418,8151,3952,7368,
34,816,1734,5112,964,3556,5376,6163,7765,8760,4533,4728,7942,67,4147,8661,3695,2464,1892,5519,6282,2997,2402,246,549,1090,6243,828,8929,823,3084,8738,4036,1628,3107,
30,9282,1666,7047,9591,9268,8615,5298,9397,1657,4055,6329,7993,2806,8996,658,463,6803,4932,4780,2210,2109,3936,652,6041,8880,7371,5738,85,694,9346,
47,6845,9443,498,170,6817,975,7356,3500,9531,4856,1309,8153,1986,7876,6586,6210,4079,4266,9497,334,9216,5890,3807,8038,9279,5048,4191,4656,4868,4330,5111,3475,1722,4569,9269,2529,8405,2553,2063,8343,8018,6356,9869,127,9349,4897,2901,
44,7735,846,5914,4870,8547,1080,7177,4009,6286,8251,6522,4145,6473,3678,38,2183,8296,781,430,57,5804,2200,3761,967,5923,1901,3617,1296,6089,6679,8169,7073,2824,3002,4042,5575,6717,556,7966,120,7174,2959,5227,9161,
20,8220,2163,7787,9685,9956,4715,2664,3997,4628,311,2233,3262,9617,2125,8157,7301,8647,8739,1108,4461,
23,9054,4236,6168,7412,3100,7691,5401,1977,1391,5331,923,1625,3509,6158,8576,5819,3842,9001,4235,4364,7162,6202,3444,
21,8404,6597,3560,1614,9273,7042,5210,2892,6312,6675,6795,9420,2818,3078,2283,7206,7391,2926,5526,5256,4964,
22,5370,6347,1746,2876,9128,9078,6456,9855,8008,7560,5219,7948,8461,2133,9779,4285,2742,3523,2441,2149,9354,7260,
29,862,4794,7309,450,2736,9980,7086,4395,9302,7840,1725,2403,7117,3606,6786,8129,318,7763,2485,2466,6104,248,6020,2222,1162,6013,2976,788,3472,
28,3210,7418,8383,6664,6936,4677,3091,7668,9725,9753,8507,9043,7104,6082,7157,9616,1122,8960,5295,7963,3053,6290,7902,1313,7002,3157,951,4058,
29,9413,4980,7251,2506,7528,3323,9761,6868,908,9943,6036,2266,2748,6274,883,6866,7745,6941,140,2220,533,9624,6904,5617,2045,7959,807,8674,3966,
29,4078,4922,2330,5109,8381,550,9437,1290,5367,339,918,5095,1840,4700,4226,193,9140,9518,3737,7051,6349,2458,4022,9181,7789,5489,7474,1150,8409,
32,8896,4170,9416,9219,294,9719,2745,7777,1009,9380,7407,8047,3846,8115,1401,6451,2527,4955,762,9776,3358,9631,3943,8376,8487,5471,1981,6783,5216,5915,2532,4678,
14,4065,7426,3856,477,4400,1520,6935,1420,3166,9614,9105,8795,9301,9881,
23,3611,7337,34,9150,8957,9678,7016,5307,3158,5083,7712,2826,5268,4522,7615,3971,2543,1699,351,2434,7659,427,655,
18,9191,9714,9166,7516,9984,291,5005,7581,5125,4948,4986,2617,50,5319,7339,6771,8928,3345,
34,993,7229,8434,8204,6620,7158,9892,5438,2833,1698,2869,8329,5081,8029,2653,6953,6288,9480,1757,1940,7225,4860,9578,5735,1570,6840,9167,7228,1995,5316,2865,6153,7852,7187,
17,1660,3492,4949,702,8108,4673,5302,911,5137,7958,3360,8414,179,7452,9433,9431,6133,
33,2452,2864,9492,3339,4195,3623,593,1093,7637,6859,8025,5818,3563,5808,2632,2663,2173,7578,5444,9920,3861,3097,4296,3135,8845,7463,4872,1237,6157,7178,7326,6301,7555,
28,7545,1348,9052,7519,5682,1487,2744,8345,1029,1308,7088,3152,2060,1224,9046,733,9730,2958,6107,4894,9333,9859,9603,1277,1538,2248,2623,7756,
38,9211,994,5653,191,8613,6382,2770,4117,8645,3205,3986,3506,1163,5699,199,8894,3893,3382,8355,8490,1458,9098,3137,244,4389,1884,3790,608,1201,1729,9682,6548,8556,2807,2556,3769,537,711,
22,8394,2793,3612,5680,6267,789,6693,2857,5964,3127,1749,5786,2872,1047,4776,8098,3976,486,3583,2572,3161,6377,
19,8246,2863,6770,9202,462,6519,1770,6550,7334,2188,1182,6728,9664,9256,7156,4287,7788,2850,7153,
41,2652,5954,405,3575,2512,961,6030,9884,8235,4679,9815,1880,3055,3981,8878,9160,3061,1451,9547,1876,5971,3047,6607,6965,9297,6315,8313,2886,348,9432,4267,2360,2559,3450,8542,3451,6883,7107,8501,9138,2659,
34,2209,3145,7704,7191,4587,6766,2629,1228,5592,8335,7072,3344,903,2364,5484,7210,7975,2839,7447,5131,155,1200,3447,312,2427,1765,9905,3993,7677,6358,1209,8583,641,419,
19,8440,4754,4068,747,7579,2339,525,6918,8020,9681,673,2326,6527,8685,79,426,1607,3403,1911,
36,8546,1925,7695,5113,2042,9804,4183,6744,8292,6559,7703,8466,832,1126,8621,7739,5214,6545,3368,8051,7656,9525,8982,3359,6468,1569,3566,1992,7145,543,4342,7905,5624,9201,692,6415,
30,9440,4066,2205,3005,6718,6779,9565,4969,2409,9289,5597,9562,2426,300,1723,5309,4213,8242,2568,6621,1973,6400,9070,9465,976,3007,9369,8079,2117,7965,
20,7136,9960,534,8130,2573,4050,5148,5887,8316,3923,1761,278,6448,5379,6462,2645,1530,985,1486,2273,
26,5260,4474,6595,9797,8273,2450,6547,8389,2303,437,2552,6364,3835,3191,5451,3982,4425,9464,7556,6048,5825,3726,5709,4593,6339,4775,
28,3423,7639,8977,3099,4165,7022,3777,9260,1962,1034,6457,8675,9757,6223,3287,756,803,8082,9519,9313,7204,5305,3207,1629,7854,4594,9018,9837,
27,9155,724,4766,7351,3186,9915,1004,9006,5900,8528,1207,6171,2955,1406,3393,5378,6617,5628,6682,7141,2861,2831,9536,6080,8606,1212,283,
21,7179,457,2860,9549,1239,62,1076,4192,8309,5822,2251,6977,7823,4399,5697,1284,5858,3165,1375,8353,1967,
30,6950,8502,3119,6961,1260,5542,3281,3348,6097,3086,888,2725,609,4602,954,834,4321,8529,3329,1164,8342,8430,4584,5780,3829,6969,2134,3386,3580,4131,
35,2378,2297,2005,4006,9559,6995,3164,1821,9898,4440,6582,2033,914,9088,7571,7797,7548,366,9493,8088,9020,9022,9805,7457,7544,7600,3274,2257,4548,4437,6447,1235,4871,9481,7364,
16,681,1472,4392,8717,5185,3139,2395,6016,2477,2946,8137,7832,7160,4061,8510,578,
32,5130,1896,968,3333,2906,6113,1737,8463,4657,7000,7429,6696,3886,6343,2972,8186,4429,3788,4558,6196,9945,9377,1357,349,614,7490,5221,6495,6730,2942,9212,341,
28,2351,8523,417,9385,357,8250,7379,6411,5512,3429,5045,9979,1867,560,6025,9458,382,6345,9876,1719,6539,7795,4312,2226,4538,8379,9061,7197,
29,8579,7186,736,3383,9130,9571,2274,2707,3409,8975,8319,6050,7499,6249,7437,407,5627,4911,7634,6373,3843,1528,5481,9782,8443,7820,7319,9403,1199,
24,4662,256,2479,530,2917,2722,8398,2331,3314,3798,2278,9810,2315,28,6834,3627,6053,6533,8582,2862,8070,3080,969,7207,
21,2847,6062,8919,1588,9825,7866,1389,5063,4814,9386,7825,7892,8427,7770,1594,574,3101,7478,5851,5991,1185,
24,9446,698,5345,9699,2352,8970,9232,3753,4610,9598,414,5841,7333,2696,4778,797,853,6887,6141,8810,9152,6823,265,5398,
28,811,2954,5151,4834,9096,4263,3802,2624,5142,7243,6711,881,83,223,8667,2910,6336,763,1591,4073,2025,4613,1022,3734,7697,6561,1596,1651,
25,957,1893,1051,7109,147,8191,2044,3175,475,5443,1272,6307,6894,1534,1953,8818,9813,2115,3111,9572,8218,3970,362,6787,6164,
39,934,3756,3878,7481,2756,555,9055,4472,209,513,80,9990,6244,5916,9415,2337,9704,1771,861,9552,2348,3463,4109,8210,7159,9758,3263,9566,2449,8998,1546,7523,4683,3664,4586,1428,3285,7215,4585,
22,9888,9890,5608,2971,3707,7400,3246,9311,5947,5340,1652,8580,2665,1582,7570,7814,4007,2545,806,5633,6184,2957,
29,8097,5160,8125,2399,1659,6746,4356,2919,3887,4028,4127,1206,4100,3894,6326,8519,2227,6611,1970,1347,2203,2170,2881,3957,9296,9527,2611,6179,1637,
22,6638,7781,4944,5310,9378,6073,8820,8834,3330,1747,3629,32,1507,7124,1706,5980,9644,8179,2282,7220,9418,4171,
27,3016,8099,8207,656,1448,4636,6994,8263,1082,6572,1158,9502,2923,4823,6882,6310,8552,2276,4160,9466,4128,4420,1701,1843,4772,3673,9582,
27,1717,6956,1365,1816,7625,2526,4697,3278,319,8022,4083,7872,4194,230,8904,8369,4379,2671,2615,7493,1461,4094,329,4305,7940,8030,2709,
29,2198,5939,544,5612,768,2840,443,6854,5772,7316,2039,1910,9337,9471,2974,3012,9516,7497,7469,6858,9486,1978,7354,4619,5926,8298,1367,2809,4184,
17,4757,928,9462,4278,5796,3604,7955,4520,9012,6930,3023,9608,7705,3202,1350,7063,5284,
15,2414,687,1926,1264,1025,111,6870,165,827,4663,5016,2197,8559,9586,8236,
28,9180,8724,8386,5197,3412,3267,2918,402,1932,2674,5312,4350,7800,2097,1360,8623,7268,9158,5497,5093,1494,226,1180,4024,1362,1372,3948,6573,
23,4581,6154,6871,5144,4553,3203,7347,1692,9839,413,2255,7941,6505,1084,1857,298,880,9277,5459,2716,3106,6843,2423,
29,7313,2698,446,4480,2144,4817,8257,2136,6295,610,848,9889,6567,8680,5119,5238,9427,418,4645,6494,8119,9125,6608,5088,5785,6799,6139,3930,3859,
23,9215,3025,89,6211,3716,9593,84,7950,2412,4101,7346,2656,775,5447,4854,6984,3252,3142,7226,4102,7085,8312,9878,
18,3169,8927,8324,6889,6966,7312,2300,6453,9666,3067,758,2888,153,4470,5662,3723,4496,6549,
17,7794,8468,5740,8966,5696,8727,4313,8924,1526,3454,9809,1886,303,1480,4233,7137,2498,
32,4632,8399,6351,6160,4110,3477,4477,6629,5943,6518,4756,2714,7932,9513,3419,4752,6555,8452,6034,3969,9574,1332,7904,8515,8100,1718,5882,6203,4827,224,2661,9510,
28,671,5245,2469,9817,5901,7483,2679,3905,8862,7284,3839,8844,3686,1261,5477,2372,6111,2130,6967,591,2199,3977,752,7289,5538,5729,8317,5361,
28,1312,314,4951,9636,1380,8950,5226,3774,3402,71,9068,2224,1117,2271,755,9726,1334,520,372,2284,4039,7714,6273,8708,105,3311,4998,2291,
30,1938,4260,128,4808,5658,6481,9907,4282,771,4566,8460,8665,7949,6368,7816,345,3464,2581,5067,5040,5123,4706,4086,9144,4513,1366,7434,7435,5960,4526,
22,7708,5209,1325,3332,4621,6551,9848,7317,91,4953,5694,4800,3162,2460,1561,3933,2190,1703,6911,2328,2848,4702,
30,2636,9740,7329,4088,8592,5129,7890,2053,4530,4788,7299,6167,5301,5757,4363,4158,4344,7039,7776,4136,1436,5332,4310,728,9048,7306,9524,4884,5747,3697,
27,6578,2000,4415,3442,1689,5439,9851,8483,7484,9529,7935,5488,8476,9326,5299,1713,5187,9409,887,180,5929,6372,1733,1987,2612,6086,5677,
23,3831,4107,6879,3987,5585,434,1854,9949,9436,4527,1083,2835,6820,4844,2548,8284,9081,48,7221,4707,7947,7010,973,
28,9049,7382,2554,9913,2353,9384,289,4144,43,9880,3167,9908,2643,5395,8671,9981,8656,2277,269,9657,8388,5363,4620,9198,2214,4789,2980,5698,
36,3827,523,9522,8933,541,9240,117,1310,5012,1872,194,4723,2945,4207,1598,9534,2246,912,5816,5399,1645,9846,4816,4041,3577,7052,3542,1287,31,4237,287,4674,9900,3366,1678,6656,
27,9992,5966,6869,6800,9910,3320,6872,1532,5547,6846,234,1511,2593,4570,1732,3549,8181,3538,1509,7602,5985,497,4954,9164,9841,6784,9163,
29,8085,8472,7173,930,6944,841,7891,901,184,3647,8224,8652,8358,9808,594,8248,214,3043,7189,7079,6087,1578,9944,913,9306,9840,3572,9069,5996,
28,1030,7946,3260,1809,2640,6630,7580,5878,3388,2799,1525,4335,2206,4838,1231,2882,354,4143,4604,1438,7403,7041,6524,1027,8959,2587,503,4254,
26,9284,159,4390,4607,8072,7845,8375,7338,3130,9760,8245,4332,6058,8495,864,1684,5893,1803,186,8202,4369,4615,7386,6222,196,8555,
39,2648,2550,288,7552,8841,7992,1283,4082,5671,6618,2096,7896,3114,5556,3489,9329,619,3431,3670,3490,8573,3134,2817,5135,8807,3776,8839,8304,7563,9512,5004,9744,8690,1633,6077,8393,218,3530,6513,
30,188,3579,3044,3763,6790,7723,4386,3520,8700,5278,4190,5222,7409,9093,391,6590,933,1724,7846,5765,29,4012,2437,7376,1834,5386,7938,730,8805,6898,
32,2446,3363,2713,6046,7421,738,2912,4483,7830,8538,2675,4943,6483,210,7515,494,8196,6476,7262,17,9402,1646,8905,4729,2383,8243,4459,6569,6002,2667,6088,4502,
22,9764,1035,5462,7611,627,8765,6393,2129,9619,9842,7135,2802,8536,9545,3795,7873,8956,8827,8947,1230,4846,960,
28,6796,8903,1278,2920,8718,9467,1258,7024,4938,5982,4118,8758,2118,3245,5814,4403,9063,7140,8809,4121,6534,6293,8092,8589,3642,6546,6061,1445,
26,9157,2803,6093,7929,4030,7408,6703,653,4355,8873,9315,5584,7925,4443,5695,5718,6991,8140,4070,9266,4670,2422,3070,1626,7616,8637,